"uri","date","title","uin"
"http://data.parliament.uk/resources/1720066","2024-05-24","The Tribunal Procedure (Upper Tribunal) (Immigration and Asylum Chamber) (Amendment) Rules 2024","CD:2024-05-24:1824"
"http://data.parliament.uk/resources/1720037","2024-05-23","Finance (No. 2) Bill: Third Reading","CD:2024-05-23:1823"
"http://data.parliament.uk/resources/1719946","2024-05-22","Immigration and asylum: Ten Minute Rule Motion","CD:2024-05-22:1821"
"http://data.parliament.uk/resources/1719961","2024-05-22","Holocaust Memorial Bill Committee: New Clause 1","CD:2024-05-22:1822"
"http://data.parliament.uk/resources/1719542","2024-05-21","Digital Markets, Competition and Consumers Bill: Consideration of Lords Message: manuscript amendment","CD:2024-05-21:1819"
"http://data.parliament.uk/resources/1719550","2024-05-21","High Speed Rail (Crewe - Manchester) Bill: Instruction (No. 3)","CD:2024-05-21:1820"
"http://data.parliament.uk/resources/1718991","2024-05-17","Motion to sit in private","CD:2024-05-17:1818"
"http://data.parliament.uk/resources/1718226","2024-05-15","Criminal Justice Bill Report Stage: New Clause 44","CD:2024-05-15:1815"
"http://data.parliament.uk/resources/1718227","2024-05-15","Criminal Justice Bill Report Stage: New Clause 59","CD:2024-05-15:1816"
"http://data.parliament.uk/resources/1718230","2024-05-15","Criminal Justice Bill Report Stage: New Clause 91","CD:2024-05-15:1817"
"http://data.parliament.uk/resources/1717453","2024-05-13","Risk-based exclusion: amendment (o)","CD:2024-05-13:1814"
"http://data.parliament.uk/resources/1716342","2024-05-08","Finance (No. 2) Bill Committee: New Clause 1","CD:2024-05-08:1810"
"http://data.parliament.uk/resources/1716343","2024-05-08","Finance (No. 2) Bill Committee: New Clause 4","CD:2024-05-08:1811"
"http://data.parliament.uk/resources/1716345","2024-05-08","Finance (No. 2) Bill Committee: New Clause 2","CD:2024-05-08:1812"
"http://data.parliament.uk/resources/1716346","2024-05-08","Finance (No. 2) Bill Committee: New Clause 3","CD:2024-05-08:1813"
"http://data.parliament.uk/resources/1714826","2024-04-30","Digital Markets, Competition and Consumers Bill: motion to disagree with Lords Amendment 9","CD:2024-04-30:1805"
"http://data.parliament.uk/resources/1714828","2024-04-30","Digital Markets, Competition and Consumers Bill: motion to disagree with Lords Amendment 12","CD:2024-04-30:1806"
"http://data.parliament.uk/resources/1714833","2024-04-30","Digital Markets, Competition and Consumers Bill: motion to disagree with Lords Amendment 31","CD:2024-04-30:1808"
"http://data.parliament.uk/resources/1714834","2024-04-30","Digital Markets, Competition and Consumers Bill: motion to disagree with Lords Amendment 104","CD:2024-04-30:1809"
"http://data.parliament.uk/resources/1714835","2024-04-30","Digital Markets, Competition and Consumers Bill: motion to disagree with Lords Amendment 26","CD:2024-04-30:1807"
"http://data.parliament.uk/resources/1714492","2024-04-29","Post Office (Horizon System) Offences Bill: Instruction (Scotland)","CD:2024-04-29:1804"
"http://data.parliament.uk/resources/1713383","2024-04-24","the draft Economic Growth (Regulatory Functions) (Amendment) Order 2024","CD:2024-04-24:1800"
"http://data.parliament.uk/resources/1713392","2024-04-24","Renters (Reform) Bill Report Stage: New Clause 15","CD:2024-04-24:1801"
"http://data.parliament.uk/resources/1713393","2024-04-24","Renters (Reform) Bill Report Stage: New Clause 30","CD:2024-04-24:1802"
"http://data.parliament.uk/resources/1713394","2024-04-24","Renters (Reform) Bill Report Stage: Amendment 28","CD:2024-04-24:1803"
"http://data.parliament.uk/resources/1712607","2024-04-22","Safety of Rwanda (Asylum and Immigration) Bill: motion to disagree with Lords Amendment 3G","CD:2024-04-22:1794"
"http://data.parliament.uk/resources/1712608","2024-04-22","Rwanda Bill motion to disagree with Lords amendment 10F","CD:2024-04-22:1795"
"http://data.parliament.uk/resources/1712610","2024-04-22","Reasons Committee Rwanda Bill","CD:2024-04-22:1796"
"http://data.parliament.uk/resources/1712612","2024-04-22","Economic Activity of Public Bodies Carry-Over","CD:2024-04-22:1797"
"http://data.parliament.uk/resources/1712619","2024-04-22","Safety of Rwanda (Asylum and Immigration) Bill: motion to disagree with Lords Amendment 3J","CD:2024-04-22:1798"
"http://data.parliament.uk/resources/1712620","2024-04-22","Motion to appoint a Reasons Committee in respect of Lords Amendment 3J","CD:2024-04-22:1799"
"http://data.parliament.uk/resources/1701700","2024-04-17","Safety of Rwanda Bill: motion to disagree with Lords  Amendment 1D","CD:2024-04-17:1788"
"http://data.parliament.uk/resources/1701702","2024-04-17","Safety of Rwanda (Asylum and Immigration) Bill: motion to disagree with Lords Amendment 3E","CD:2024-04-17:1789"
"http://data.parliament.uk/resources/1701703","2024-04-17","Safety of Rwanda Bill: That this House disagrees with the Lords in their Amendment 6D","CD:2024-04-17:1790"
"http://data.parliament.uk/resources/1701704","2024-04-17","Safety of Rwanda Bill: motion to disagree with Lords Amendment 10D","CD:2024-04-17:1791"
"http://data.parliament.uk/resources/1701715","2024-04-17","Finance (No. 2) Bill: Reasoned Amendment to Second Reading","CD:2024-04-17:1792"
"http://data.parliament.uk/resources/1701716","2024-04-17","Finance (No. 2) Bill: Second Reading","CD:2024-04-17:1793"
"http://data.parliament.uk/resources/1701258","2024-04-16","Tobacco and Vapes Bill: Second Reading","CD:2024-04-16:1787"
"http://data.parliament.uk/resources/1700769","2024-04-15","Rwanda Bill: Motion to disagree with Lords Amendment 1B","CD:2024-04-15:1781"
"http://data.parliament.uk/resources/1700788","2024-04-15","Rwanda Bill: Motion to disagree with Lords Amendments 3B and 3C","CD:2024-04-15:1782"
"http://data.parliament.uk/resources/1700789","2024-04-15","That this House disagrees with the Lords in their Amendment 6B","CD:2024-04-15:1783"
"http://data.parliament.uk/resources/1700790","2024-04-15","That this House disagrees with the Lords in ther Amendment 7B","CD:2024-04-15:1784"
"http://data.parliament.uk/resources/1700835","2024-04-15","That this House insists on its disagreement with the Lords in their Amendment 9 but proposes Amendment (a) in lieu","CD:2024-04-15:1785"
"http://data.parliament.uk/resources/1700837","2024-04-15","That this House disagrees with the Lords in their Amendment 10B","CD:2024-04-15:1786"
"http://data.parliament.uk/resources/1698309","2024-03-25","Investigatory Powers (Amendment) Bill [Lords] Report Stage: New Clause 1","CD:2024-03-25:1777"
"http://data.parliament.uk/resources/1698310","2024-03-25","Investigatory Powers (Amendment) Bill [Lords] Report Stage: New Clause 2","CD:2024-03-25:1778"
"http://data.parliament.uk/resources/1698311","2024-03-25","Investigatory Powers (Amendment) Bill [Lords] Report Stage: Amendment 7","CD:2024-03-25:1779"
"http://data.parliament.uk/resources/1698312","2024-03-25","Investigatory Powers (Amendment) Bill [Lords]: Third Reading","CD:2024-03-25:1780"
"http://data.parliament.uk/resources/1698061","2024-03-22","Hunting Trophies Bill 2R","CD:2024-03-22:1776"
"http://data.parliament.uk/resources/1696950","2024-03-19","Trade (Comprehensive and Progressive Agreement for Trans-Pacific Partnership) Bill [Lords]: New Clause 4","CD:2024-03-19:1772"
"http://data.parliament.uk/resources/1696953","2024-03-19","Trade (Comprehensive and Progressive Agreement for Trans-Pacific Partnership) Bill [Lords]: New Clause 5","CD:2024-03-19:1773"
"http://data.parliament.uk/resources/1696954","2024-03-19","Trade (Comprehensive and Progressive Agreement for Trans-Pacific Partnership) Bill [Lords]: New Clause 10","CD:2024-03-19:1774"
"http://data.parliament.uk/resources/1696955","2024-03-19","Trade (Comprehensive and Progressive Agreement for Trans-Pacific Partnership) Bill [Lords]: New Clause 12","CD:2024-03-19:1775"
"http://data.parliament.uk/resources/1696545","2024-03-18","Safety of Rwanda (Asylum and Immigration) Bill: Motion to disagree with Lords Amendment 1","CD:2024-03-18:1762"
"http://data.parliament.uk/resources/1696546","2024-03-18","Safety of Rwanda (Asylum and Immigration) Bill: Motion to disagree with Lords Amendment 2","CD:2024-03-18:1763"
"http://data.parliament.uk/resources/1696547","2024-03-18","Safety of Rwanda (Asylum and Immigration) Bill: Motion to disagree with Lords Amendment 3","CD:2024-03-18:1764"
"http://data.parliament.uk/resources/1696548","2024-03-18","Safety of Rwanda (Asylum and Immigration) Bill: Motion to disagree with Lords Amendment 4","CD:2024-03-18:1765"
"http://data.parliament.uk/resources/1696598","2024-03-18","Safety of Rwanda (Asylum and Immigration) Bill: Motion to disagree with Lords Amendment 5","CD:2024-03-18:1766"
"http://data.parliament.uk/resources/1696599","2024-03-18","Safety of Rwanda (Asylum and Immigration) Bill: Motion to disagree with Lords Amendment 6","CD:2024-03-18:1767"
"http://data.parliament.uk/resources/1696600","2024-03-18","Safety of Rwanda (Asylum and Immigration) Bill: Motion to disagree with Lords Amendment 7","CD:2024-03-18:1768"
"http://data.parliament.uk/resources/1696601","2024-03-18","Safety of Rwanda (Asylum and Immigration) Bill: Motion to disagree with Lords Amendment 8","CD:2024-03-18:1769"
"http://data.parliament.uk/resources/1696603","2024-03-18","Safety of Rwanda (Asylum and Immigration) Bill: Motion to disagree with Lords Amendment 9","CD:2024-03-18:1770"
"http://data.parliament.uk/resources/1696604","2024-03-18","Safety of Rwanda (Asylum and Immigration) Bill: Motion to disagree with Lords Amendment 10","CD:2024-03-18:1771"
"http://data.parliament.uk/resources/1696115","2024-03-14","Supplementary Estimates 2023-24","CD:2024-03-14:1761"
"http://data.parliament.uk/resources/1696118","2024-03-14","Supplementary Estimate 2023-24 Home Office: amendment (a)","CD:2024-03-14:1760"
"http://data.parliament.uk/resources/1695633","2024-03-13","National Insurance Contributions (Reduction in Rates) (No. 2) Bill: Reasoned Amendment to Second Reading","CD:2024-03-13:1754"
"http://data.parliament.uk/resources/1695634","2024-03-13","National Insurance Contributions (Reduction in Rates) (No. 2) Bill: Second Reading ","CD:2024-03-13:1755"
"http://data.parliament.uk/resources/1695636","2024-03-13","National Insurance Contributions (Reduction in Rates) (No. 2) Bill Committee: New Clause 1 ","CD:2024-03-13:1756"
"http://data.parliament.uk/resources/1695637","2024-03-13","National Insurance Contributions (Reduction in Rates) (No. 2) Bill Committee: New Clause 2","CD:2024-03-13:1757"
"http://data.parliament.uk/resources/1695643","2024-03-13","National Insurance Contributions (Reduction in Rates) (No. 2) Bill: Third Reading","CD:2024-03-13:1758"
"http://data.parliament.uk/resources/1695645","2024-03-13","Draft Strikes (Minimum Service Levels: Fire and Rescue Services) (England) Regulations 2024","CD:2024-03-13:1759"
"http://data.parliament.uk/resources/1695221","2024-03-12","Ways and Means: Income Tax (Charge)","CD:2024-03-12:1752"
"http://data.parliament.uk/resources/1695222","2024-03-12","Ways and Means: Capital Gains Tax","CD:2024-03-12:1753"
"http://data.parliament.uk/resources/1694024","2024-03-06","Motion under the Provisional Collection of Taxes Act 1968","CD:2024-03-06:1751"
"http://data.parliament.uk/resources/1692954","2024-03-01","Motion to sit in private","CD:2024-03-01:1749"
"http://data.parliament.uk/resources/1692961","2024-03-01","Closure","CD:2024-03-01:1750"
"http://data.parliament.uk/resources/1691977","2024-02-27","Leasehold and Freehold Reform Bill Report Stage: New Clause 1","CD:2024-02-27:1744"
"http://data.parliament.uk/resources/1691978","2024-02-27","Leasehold and Freehold Reform Bill Report Stage: New Clause 5","CD:2024-02-27:1745"
"http://data.parliament.uk/resources/1691980","2024-02-27","Leasehold and Freehold Reform Bill Report Stage: New Clause 39","CD:2024-02-27:1746"
"http://data.parliament.uk/resources/1691981","2024-02-27","Leasehold and Freehold Reform Bill Report Stage: Amendment 4","CD:2024-02-27:1747"
"http://data.parliament.uk/resources/1691984","2024-02-27","Leasehold and Freehold Reform Bill Report Stage: Amendment 8","CD:2024-02-27:1748"
"http://data.parliament.uk/resources/1690651","2024-02-21","Motor vehicles (driving licences) (reform): Ten Minute Rule Motion","CD:2024-02-21:1742"
"http://data.parliament.uk/resources/1690707","2024-02-21","Motion to sit in private","CD:2024-02-21:1743"
"http://data.parliament.uk/resources/1690325","2024-02-20","Offshore Petroleum Licensing Bill Committee: Amendment 10","CD:2024-02-20:1739"
"http://data.parliament.uk/resources/1690326","2024-02-20","Offshore Petroleum Licensing Bill Committee: Amendment 17","CD:2024-02-20:1740"
"http://data.parliament.uk/resources/1690330","2024-02-20","Offshore Petroleum Licensing Bill: Third Reading","CD:2024-02-20:1741"
"http://data.parliament.uk/resources/1687727","2024-02-06","Opposition day: Ministerial severance (reform)","CD:2024-02-06:1738"
"http://data.parliament.uk/resources/1687325","2024-02-05","Finance Bill Report Stage: New Clause 6","CD:2024-02-05:1735"
"http://data.parliament.uk/resources/1687326","2024-02-05","Finance Bill Report Stage: New Clause 7","CD:2024-02-05:1736"
"http://data.parliament.uk/resources/1687329","2024-02-05","Finance Bill: Third Reading","CD:2024-02-05:1737"
"http://data.parliament.uk/resources/1686189","2024-01-31","Motion on Draft Electoral Commission Strategy and Policy Statement","CD:2024-01-31:1733"
"http://data.parliament.uk/resources/1686200","2024-01-31","Draft Trade Union (Deduction of Union Subscriptions from Wages in the Public Sector) Regulations 2023","CD:2024-01-31:1734"
"http://data.parliament.uk/resources/1685778","2024-01-30","Media Bill Report Stage: New Clause 13","CD:2024-01-30:1729"
"http://data.parliament.uk/resources/1685782","2024-01-30","Media Bill Report Stage: New Clause 16","CD:2024-01-30:1730"
"http://data.parliament.uk/resources/1685785","2024-01-30","Media Bill Report Stage: Amendment 88","CD:2024-01-30:1731"
"http://data.parliament.uk/resources/1685786","2024-01-30","Media Bill Report Stage: Amendment 2","CD:2024-01-30:1732"
"http://data.parliament.uk/resources/1684336","2024-01-23","Opposition day: Children not in school (national register and support)","CD:2024-01-23:1727"
"http://data.parliament.uk/resources/1684340","2024-01-23","Opposition day: Protecting steel in the UK","CD:2024-01-23:1728"
"http://data.parliament.uk/resources/1683918","2024-01-22","Offshore Petroleum Licensing Bill: Reasoned Amendment to Second Reading","CD:2024-01-22:1725"
"http://data.parliament.uk/resources/1683919","2024-01-22","Offshore Petroleum Licensing Bill: Second Reading","CD:2024-01-22:1726"
"http://data.parliament.uk/resources/1682764","2024-01-17","draft Immigration (Employment of Adults Subject to Immigration Control) (Maximum Penalty) (Amendment) Order 2023","CD:2024-01-17:1717"
"http://data.parliament.uk/resources/1682765","2024-01-17","draft Immigration Act 2014 (Residential Accommodation) (Maximum Penalty) Order 2023","CD:2024-01-17:1716"
"http://data.parliament.uk/resources/1682782","2024-01-17","Safety of Rwanda (Asylum and Immigration) Bill Committee: Clause 3 stand part","CD:2024-01-17:1718"
"http://data.parliament.uk/resources/1682784","2024-01-17","Safety of Rwanda (Asylum and Immigration) Bill Committee: Clauses 5, 6, 7 and 8 stand part","CD:2024-01-17:1720"
"http://data.parliament.uk/resources/1682785","2024-01-17","Safety of Rwanda (Asylum and Immigration) Bill Committee: Amendment 23","CD:2024-01-17:1719"
"http://data.parliament.uk/resources/1682786","2024-01-17","Safety of Rwanda (Asylum and Immigration) Bill Committee: Amendment 36","CD:2024-01-17:1721"
"http://data.parliament.uk/resources/1682788","2024-01-17","Safety of Rwanda (Asylum and Immigration) Bill Committee: Clauses 9 and 10 stand part","CD:2024-01-17:1722"
"http://data.parliament.uk/resources/1682789","2024-01-17","Safety of Rwanda (Asylum and Immigration) Bill Committee: New Clause 8","CD:2024-01-17:1723"
"http://data.parliament.uk/resources/1682790","2024-01-17","Safety of Rwanda (Asylum and Immigration) Bill Committee: Third reading","CD:2024-01-17:1724"
"http://data.parliament.uk/resources/1682319","2024-01-16","Scotland (Self-Determination): Ten Minute Rule Motion","CD:2024-01-16:1709"
"http://data.parliament.uk/resources/1682379","2024-01-16","Safety of Rwanda (Asylum and Immigration) Bill: Committee: Amendment 45","CD:2024-01-16:1710"
"http://data.parliament.uk/resources/1682380","2024-01-16","Safety of Rwanda (Asylum and Immigration) Bill Committee: Amendment 10","CD:2024-01-16:1711"
"http://data.parliament.uk/resources/1682381","2024-01-16","Safety of Rwanda (Asylum and Immigration) Bill Committee: Clause 2 stand part","CD:2024-01-16:1712"
"http://data.parliament.uk/resources/1682383","2024-01-16","Safety of Rwanda (Asylum and Immigration) Bill Committee: Clause 4 stand part","CD:2024-01-16:1714"
"http://data.parliament.uk/resources/1682384","2024-01-16","Safety of Rwanda (Asylum and Immigration) Bill Committee: Amendment 19","CD:2024-01-16:1713"
"http://data.parliament.uk/resources/1682389","2024-01-16","Safety of Rwanda (Asylum and Immigration) Bill Committee: New Clause 6","CD:2024-01-16:1715"
"http://data.parliament.uk/resources/1681857","2024-01-15","Animal Welfare (Livestock Exports) Committee Stage: Amendment 5","CD:2024-01-15:1706"
"http://data.parliament.uk/resources/1681862","2024-01-15","Nationality, Immigration and Asylum Act 2002 (Amendment of List of Safe States) Regulations 2024","CD:2024-01-15:1707"
"http://data.parliament.uk/resources/1681863","2024-01-15","Immigration (Health Charge) (Amendment) Order 2023","CD:2024-01-15:1708"
"http://data.parliament.uk/resources/1681034","2024-01-10","Finance Bill Committee Stage: New Clause 1","CD:2024-01-10:1700"
"http://data.parliament.uk/resources/1681035","2024-01-10","Finance Bill Committee Stage: New Clause 2","CD:2024-01-10:1701"
"http://data.parliament.uk/resources/1681036","2024-01-10","Finance Bill Committee Stage: New Clause 5","CD:2024-01-10:1702"
"http://data.parliament.uk/resources/1681044","2024-01-10","Finance Bill Committee Stage: New Clause 7","CD:2024-01-10:1703"
"http://data.parliament.uk/resources/1681051","2024-01-10","Economic Activity of Public Bodies (Overseas Matters) Bill: Reasoned amendment on Third Reading","CD:2024-01-10:1704"
"http://data.parliament.uk/resources/1681052","2024-01-10","Economic Activity of Public Bodies (Overseas Matters) Bill: Third Reading","CD:2024-01-10:1705"
"http://data.parliament.uk/resources/1680722","2024-01-09","Opposition Day: NHS Dentistry","CD:2024-01-09:1698"
"http://data.parliament.uk/resources/1680733","2024-01-09","Opposition day: cost of the Government's Rwanda plan and administration of the asylum system","CD:2024-01-09:1699"
"http://data.parliament.uk/resources/1677670","2023-12-13","Draft Representation of the People (Overseas Electors etc.) (Amendment) (Northern Ireland) Regulations 2023","CD:2023-12-13:1693"
"http://data.parliament.uk/resources/1677671","2023-12-13","Draft Equality Act 2010 (Amendment) Regulations 2023","CD:2023-12-13:1694"
"http://data.parliament.uk/resources/1677672","2023-12-13","Draft Representation of the People (Overseas Electors etc.) (Amendment) Regulations 2023","CD:2023-12-13:1695"
"http://data.parliament.uk/resources/1677674","2023-12-13","Finance Bill: Reasoned Amendment to Second Reading ","CD:2023-12-13:1696"
"http://data.parliament.uk/resources/1677675","2023-12-13","Finance Bill Second Reading","CD:2023-12-13:1697"
"http://data.parliament.uk/resources/1677237","2023-12-12","Safety of Rwanda (Asylum and Immigration) Bill: Reasoned Amendment to Second Reading","CD:2023-12-12:1690"
"http://data.parliament.uk/resources/1677239","2023-12-12","Safety of Rwanda (Asylum and Immigration) Bill: Programme Motion","CD:2023-12-12:1692"
"http://data.parliament.uk/resources/1677240","2023-12-12","Safety of Rwanda (Asylum and Immigration) Bill: Second Reading","CD:2023-12-12:1691"
"http://data.parliament.uk/resources/1674973","2023-12-04","Victims and Prisoners Bill Report Stage: New Clause 10","CD:2023-12-04:1685"
"http://data.parliament.uk/resources/1674974","2023-12-04","Victims and Prisoners Bill Report Stage: New Clause 14","CD:2023-12-04:1686"
"http://data.parliament.uk/resources/1674975","2023-12-04","Victims and Prisoners Bill Report Stage: New Clause 27","CD:2023-12-04:1687"
"http://data.parliament.uk/resources/1674976","2023-12-04","Victims and Prisoners Bill Report Stage: Amendment 33","CD:2023-12-04:1688"
"http://data.parliament.uk/resources/1674980","2023-12-04","Draft Vehicle Emissions Trading Schemes Order 2023","CD:2023-12-04:1689"
"http://data.parliament.uk/resources/1673831","2023-11-29","Data Protection and Digital Information Bill: Re-committal motion","CD:2023-11-29:1676"
"http://data.parliament.uk/resources/1673872","2023-11-29","Draft Strikes (Minimum Service Levels: NHS Ambulance Services and the NHS Patient Transport Service) Regulations 2023","CD:2023-11-29:1675"
"http://data.parliament.uk/resources/1673874","2023-11-29","Data Protection and Digital Information Bill Report Stage: Amendment 11","CD:2023-11-29:1677"
"http://data.parliament.uk/resources/1673879","2023-11-29","Data Protection and Digital Information Bill Report Stage: Amendment 224","CD:2023-11-29:1678"
"http://data.parliament.uk/resources/1673882","2023-11-29","Data Protection and Digital Information Bill Report Stage: Amendment 5","CD:2023-11-29:1679"
"http://data.parliament.uk/resources/1673886","2023-11-29","Data Protection and Digital Information Bill Report Stage: Amendment 1","CD:2023-11-29:1680"
"http://data.parliament.uk/resources/1673887","2023-11-29","Data Protection and Digital Information Bill Report Stage: Amendment 218","CD:2023-11-29:1681"
"http://data.parliament.uk/resources/1673888","2023-11-29","Data Protection and Digital Information Bill Report Stage: New Schedule 1","CD:2023-11-29:1682"
"http://data.parliament.uk/resources/1673889","2023-11-29","Data Protection and Digital Information Bill: Third Reading","CD:2023-11-29:1683"
"http://data.parliament.uk/resources/1673466","2023-11-28","Draft Code of Practice on Reasonable Steps to be taken by a Trade Union (Minimum Service Levels)","CD:2023-11-28:1672"
"http://data.parliament.uk/resources/1673467","2023-11-28","Draft Strikes (Minimum Service Levels: Border Security) Regulations 2023","CD:2023-11-28:1673"
"http://data.parliament.uk/resources/1673468","2023-11-28","Draft Strikes (Minimum Service Levels: Passenger Railway Services) Regulations 2023","CD:2023-11-28:1674"
"http://data.parliament.uk/resources/1671225","2023-11-20","Digital Markets, Competition and Consumers Bill: Amendment 188","CD:2023-11-20:1669"
"http://data.parliament.uk/resources/1671226","2023-11-20","Digital Markets, Competition and Consumers Bill: Amendment 187","CD:2023-11-20:1668"
"http://data.parliament.uk/resources/1671300","2023-11-20","Digital Markets, Competition and Consumers Bill: New Clause 29","CD:2023-11-20:1670"
"http://data.parliament.uk/resources/1671301","2023-11-20","Digital Markets, Competition and Consumers Bill: New Clause 30","CD:2023-11-20:1671"
"http://data.parliament.uk/resources/1670232","2023-11-15","King's Speech Motion for an Address: amendment (r)","CD:2023-11-15:1665"
"http://data.parliament.uk/resources/1670233","2023-11-15","King's Speech Motion for an Address: Amendment (h)","CD:2023-11-15:1666"
"http://data.parliament.uk/resources/1670235","2023-11-15","King's Speech Motion for an Address: Amendment (k)","CD:2023-11-15:1667"
"http://data.parliament.uk/resources/1669817","2023-11-14","King's Speech Motion for an Address: amendment (m)","CD:2023-11-14:1664"
"http://data.parliament.uk/resources/1666962","2023-10-25","Economic Crime and Corporate Transparency Bill: motion to insist on Amendment 151A and disagree with Lords Amendments 151E and 151F","CD:2023-10-25:1658"
"http://data.parliament.uk/resources/1666963","2023-10-25","Economic Crime and Corporate Transparency Bill: motion to insist on Amendment 161A and disagree with Lords Amendment 161D","CD:2023-10-25:1659"
"http://data.parliament.uk/resources/1666964","2023-10-25","Economic Crime and Corporate Transparency Bill: Amendment (a) to motion to insist on Amendment 151A and disagree with Lords Amendments 151E and 151F","CD:2023-10-25:1657"
"http://data.parliament.uk/resources/1667004","2023-10-25","Economic Activity of Public Bodies (Overseas Matters) Bill Report Stage: Amendment 14","CD:2023-10-25:1660"
"http://data.parliament.uk/resources/1667006","2023-10-25","Economic Activity of Public Bodies (Overseas Matters) Bill Report Stage: Amendment 13","CD:2023-10-25:1661"
"http://data.parliament.uk/resources/1667007","2023-10-25","Economic Activity of Public Bodies (Overseas Matters) Bill Report Stage: Amendment 7","CD:2023-10-25:1662"
"http://data.parliament.uk/resources/1667008","2023-10-25","Economic Activity of Public Bodies (Overseas Matters) Bill Report Stage: Amendment 28 ","CD:2023-10-25:1663"
"http://data.parliament.uk/resources/1666820","2023-10-24","Levelling-up and Regeneration Bill: motion to disagree with Lords Amendment 22B","CD:2023-10-24:1655"
"http://data.parliament.uk/resources/1666821","2023-10-24","Levelling up and Regeneration Bill: motion to insist on disagreement with Lords Amendment 45 and to propose amendment (a) in lieu","CD:2023-10-24:1656"
"http://data.parliament.uk/resources/1665628","2023-10-18","Energy Bill [Lords]: motion to disagree with Lords Amendment 274B","CD:2023-10-18:1654"
"http://data.parliament.uk/resources/1665181","2023-10-17","Devolution (Employment) (Scotland): Ten Minute Rule Motion","CD:2023-10-17:1636"
"http://data.parliament.uk/resources/1665229","2023-10-17","Levelling up and Regeneration Bill: Amendment (a) to Lords Amendment 231","CD:2023-10-17:1637"
"http://data.parliament.uk/resources/1665236","2023-10-17","Levelling up and Regeneration Bill: Motion to disagree with Lords Amendment 1","CD:2023-10-17:1638"
"http://data.parliament.uk/resources/1665237","2023-10-17","Levelling up and Regeneration Bill: Motion to disagree with Lords Amendment 2","CD:2023-10-17:1639"
"http://data.parliament.uk/resources/1665238","2023-10-17","Levelling-up and Regeneration Bill: motion to disagree with Lords Amendment 4","CD:2023-10-17:1640"
"http://data.parliament.uk/resources/1665239","2023-10-17","Levelling-up and Regeneration Bill: motion to disagree with Lords Amendment 3","CD:2023-10-17:1641"
"http://data.parliament.uk/resources/1665240","2023-10-17","Levelling-up and Regeneration Bill: motion to disagree with Lords Amendment 10","CD:2023-10-17:1642"
"http://data.parliament.uk/resources/1665241","2023-10-17","Levelling-up and Regeneration Bill: motion to disagree with Lords Amendment 13","CD:2023-10-17:1643"
"http://data.parliament.uk/resources/1665242","2023-10-17","Levelling-up and Regeneration Bill: motion to disagree with Lords Amendment 22","CD:2023-10-17:1644"
"http://data.parliament.uk/resources/1665243","2023-10-17","Levelling-up and Regeneration Bill: motion to disagree with Lords Amendment 44","CD:2023-10-17:1645"
"http://data.parliament.uk/resources/1665245","2023-10-17","Levelling-up and Regeneration Bill: motion to disagree with Lords Amendment 45","CD:2023-10-17:1646"
"http://data.parliament.uk/resources/1665246","2023-10-17","Levelling-up and Regeneration Bill: motion to disagree with Lords Amendment 81","CD:2023-10-17:1647"
"http://data.parliament.uk/resources/1665247","2023-10-17","	Levelling-up and Regeneration Bill: motion to disagree with Lords Amendment 82","CD:2023-10-17:1648"
"http://data.parliament.uk/resources/1665248","2023-10-17","Levelling-up and Regeneration Bill: motion to disagree with Lords Amendment 199","CD:2023-10-17:1649"
"http://data.parliament.uk/resources/1665249","2023-10-17","	Levelling-up and Regeneration Bill: motion to disagree with Lords Amendment 241","CD:2023-10-17:1650"
"http://data.parliament.uk/resources/1665250","2023-10-17","	Levelling-up and Regeneration Bill: motion to disagree with Lords Amendment 244","CD:2023-10-17:1651"
"http://data.parliament.uk/resources/1665251","2023-10-17","Levelling-up and Regeneration Bill: motion to disagree with Lords Amendment 273","CD:2023-10-17:1652"
"http://data.parliament.uk/resources/1665252","2023-10-17","Levelling-up and Regeneration Bill: motion to disagree with Lords Amendment 329","CD:2023-10-17:1653"
"http://data.parliament.uk/resources/1660325","2023-09-13","Procurement Bill [Lords]: Motion to disagree with Lords Amendment 102B","CD:2023-09-13:1634"
"http://data.parliament.uk/resources/1660363","2023-09-13","Economic Crime and Corporate Transparency Bill: Motion to disagree with 151B and 151C and to insist on 151A","CD:2023-09-13:1635"
"http://data.parliament.uk/resources/1660364","2023-09-13","Draft Windsor Framework (Enforcement etc.) Regulations 2023","CD:2023-09-13:1633"
"http://data.parliament.uk/resources/1659952","2023-09-12","Representation of the People (Postal and Proxy Voting etc.) (Amendment) Regulations 2023","CD:2023-09-12:1632"
"http://data.parliament.uk/resources/1659953","2023-09-12","Misuse of Drugs Act 1971 (Amendment) Order 2023","CD:2023-09-12:1631"
"http://data.parliament.uk/resources/1658500","2023-09-06","Northern Ireland Troubles (Legacy and Reconciliation) Bill: Motion to disagree","CD:2023-09-06:1629"
"http://data.parliament.uk/resources/1658539","2023-09-06","Opposition day: Safety of School Buildings","CD:2023-09-06:1630"
"http://data.parliament.uk/resources/1658092","2023-09-05","Energy Bill [Lords] Report Stage: New Clause 12","CD:2023-09-05:1623"
"http://data.parliament.uk/resources/1658093","2023-09-05","Energy Bill [Lords] Report Stage: New Clause 39","CD:2023-09-05:1624"
"http://data.parliament.uk/resources/1658094","2023-09-05","Energy Bill [Lords] Report Stage: New Clause 57","CD:2023-09-05:1625"
"http://data.parliament.uk/resources/1658096","2023-09-05","Energy Bill [Lords] Report Stage: New Clause 59","CD:2023-09-05:1626"
"http://data.parliament.uk/resources/1658097","2023-09-05","Energy Bill [Lords] Report Stage: New Clause 61","CD:2023-09-05:1627"
"http://data.parliament.uk/resources/1658099","2023-09-05","Energy Bill [Lords]: Third Reading","CD:2023-09-05:1628"
"http://data.parliament.uk/resources/1657545","2023-09-04","Economic Crime and Corporate Transparency Bill: Amendment (a) to Lords Amendment 23","CD:2023-09-04:1618"
"http://data.parliament.uk/resources/1657546","2023-09-04","Economic Crime and Corporate Transparency Bill: Amendment (a) to Lords Amendment 151","CD:2023-09-04:1619"
"http://data.parliament.uk/resources/1657547","2023-09-04","Economic Crime and Corporate Transparency Bill: Motion to disagree with Lords Amendment 117","CD:2023-09-04:1620"
"http://data.parliament.uk/resources/1657548","2023-09-04","Economic Crime and Corporate Transparency Bill: Motion to disagree with Lords Amendment 159","CD:2023-09-04:1621"
"http://data.parliament.uk/resources/1657549","2023-09-04","Economic Crime and Corporate Transparency Bill: Motion to disagree with Lords Amendment 161","CD:2023-09-04:1622"
"http://data.parliament.uk/resources/1653778","2023-07-18","Northern Ireland Troubles (Legacy and Reconciliation) Bill: Motion to disagree with Lords Amendment 44 ","CD:2023-07-18:1616"
"http://data.parliament.uk/resources/1654097","2023-07-18","Draft Postal Packets (Miscellaneous Amendments) Order 2023","CD:2023-07-18:1617"
"http://data.parliament.uk/resources/1653326","2023-07-17","Illegal Migration Bill: motion to disagree with Lords Amendments 1B, 7B and 90B","CD:2023-07-17:1606"
"http://data.parliament.uk/resources/1653333","2023-07-17","Illegal Migration Bill: motion to disagree with Lords Amendment 9B","CD:2023-07-17:1607"
"http://data.parliament.uk/resources/1653334","2023-07-17","Illegal Migration Bill: motion to disagree with Lords Amendment 23B","CD:2023-07-17:1608"
"http://data.parliament.uk/resources/1653335","2023-07-17","Illegal Migration Bill: motion to disagree with Lords Amendments 36C and 36D","CD:2023-07-17:1609"
"http://data.parliament.uk/resources/1653336","2023-07-17","Illegal Migration Bill: motion to disagree with Lords Amendment 33B","CD:2023-07-17:1610"
"http://data.parliament.uk/resources/1653337","2023-07-17","Illegal Migration Bill: motion to disagree with Lords Amendment 56B","CD:2023-07-17:1611"
"http://data.parliament.uk/resources/1653339","2023-07-17","Illegal Migration Bill: motion to disagree with Lords Amendment 103B","CD:2023-07-17:1613"
"http://data.parliament.uk/resources/1653340","2023-07-17","Illegal Migration Bill: motion to disagree with Lords Amendment 102B","CD:2023-07-17:1612"
"http://data.parliament.uk/resources/1653341","2023-07-17","Illegal Migration Bill: motion to disagree with Lords Amendments 107B and 107C","CD:2023-07-17:1614"
"http://data.parliament.uk/resources/1653344","2023-07-17","Strikes (Minimum Service Levels) Bill: motion to disagree with Lords Amendment 2D","CD:2023-07-17:1615"
"http://data.parliament.uk/resources/1652245","2023-07-12","Adjournment (Summer, Conference and Christmas Recess)","CD:2023-07-12:1605"
"http://data.parliament.uk/resources/1651836","2023-07-11","Illegal Migration Bill: motion to disagree with Lords Amendment 1","CD:2023-07-11:1587"
"http://data.parliament.uk/resources/1651837","2023-07-11","Illegal Migration Bill: motion to disagree with Lords Amendment 6","CD:2023-07-11:1588"
"http://data.parliament.uk/resources/1651844","2023-07-11","Illegal Migration Bill: motion to disagree with Lords Amendment 8","CD:2023-07-11:1589"
"http://data.parliament.uk/resources/1651845","2023-07-11","Illegal Migration Bill: motion to disagree with Lords Amendment 9","CD:2023-07-11:1590"
"http://data.parliament.uk/resources/1651846","2023-07-11","Illegal Migration Bill: motion to disagree with Lords Amendment 23","CD:2023-07-11:1591"
"http://data.parliament.uk/resources/1651847","2023-07-11","Illegal Migration Bill: motion to disagree with Lords Amendment 31","CD:2023-07-11:1592"
"http://data.parliament.uk/resources/1651848","2023-07-11","Illegal Migration Bill: motion to disagree with Lords Amendment 33","CD:2023-07-11:1593"
"http://data.parliament.uk/resources/1651849","2023-07-11","Illegal Migration Bill: Government Amendments (a) and (b) in lieu of Lords Amendments 31, 35 & 36","CD:2023-07-11:1594"
"http://data.parliament.uk/resources/1651850","2023-07-11","Illegal Migration Bill: motion to disagree with Lords Amendment 39","CD:2023-07-11:1595"
"http://data.parliament.uk/resources/1651851","2023-07-11","Illegal Migration Bill: motion to disagree with Lords Amendment 50","CD:2023-07-11:1596"
"http://data.parliament.uk/resources/1651909","2023-07-11","Illegal Migration Bill: motion to disagree with Lords Amendment 56","CD:2023-07-11:1597"
"http://data.parliament.uk/resources/1651910","2023-07-11","Illegal Migration Bill: motion to disagree with Lords Amendment 73","CD:2023-07-11:1598"
"http://data.parliament.uk/resources/1651911","2023-07-11","Illegal Migration Bill: motion to disagree with Lords Amendment 90","CD:2023-07-11:1599"
"http://data.parliament.uk/resources/1651913","2023-07-11","Illegal Migration Bill: motion to disagree with Lords Amendment 93","CD:2023-07-11:1600"
"http://data.parliament.uk/resources/1651914","2023-07-11","Illegal Migration Bill: motion to disagree with Lords Amendment 95","CD:2023-07-11:1601"
"http://data.parliament.uk/resources/1651916","2023-07-11","Illegal Migration Bill: motion to disagree with Lords Amendment 102","CD:2023-07-11:1602"
"http://data.parliament.uk/resources/1651917","2023-07-11","Illegal Migration Bill: motion to disagree with Lords Amendment 103","CD:2023-07-11:1603"
"http://data.parliament.uk/resources/1651919","2023-07-11","Illegal Migration Bill: motion to disagree with Lords Amendment 104","CD:2023-07-11:1604"
"http://data.parliament.uk/resources/1649487","2023-07-03","Economic Activity of Public Bodies (Overseas Matters) Bill: Reasoned Amendment on Second Reading","CD:2023-07-03:1585"
"http://data.parliament.uk/resources/1649541","2023-07-03","Economic Activity of Public Bodies (Overseas Matters): Second Reading","CD:2023-07-03:1586"
"http://data.parliament.uk/resources/1648435","2023-06-28","Relationships and Sexuality Education (Northern Ireland) (Amendment) Regulations 2023","CD:2023-06-28:1583"
"http://data.parliament.uk/resources/1648454","2023-06-28","Holocaust Memorial Bill: Instruction (Amendment a)","CD:2023-06-28:1584"
"http://data.parliament.uk/resources/1647995","2023-06-27","Schools (Gender and Parental Rights): Ten-Minute Rule Bill","CD:2023-06-27:1580"
"http://data.parliament.uk/resources/1648052","2023-06-27","Opposition day: Mortgage and rental costs","CD:2023-06-27:1581"
"http://data.parliament.uk/resources/1648055","2023-06-27","Government Amendment to Opposition day debate on Mortgage and rental costs","CD:2023-06-27:1582"
"http://data.parliament.uk/resources/1647632","2023-06-26","Financial Services and Markets Bill: motion to disagree with Lords Amendment 7","CD:2023-06-26:1576"
"http://data.parliament.uk/resources/1647634","2023-06-26","Financial Services and Markets Bill: motion to disagree with Lords Amendment 10","CD:2023-06-26:1577"
"http://data.parliament.uk/resources/1647635","2023-06-26","Financial Services and Markets Bill: motion to agree with Lords Amendment 38","CD:2023-06-26:1578"
"http://data.parliament.uk/resources/1647693","2023-06-26","National Security Bill: motion to disagree with Lords Amendment 22B","CD:2023-06-26:1579"
"http://data.parliament.uk/resources/1646218","2023-06-21","Strikes (Minimum Service Levels) Bill: motion to disagree with Lords Amendment 2B","CD:2023-06-21:1569"
"http://data.parliament.uk/resources/1646219","2023-06-21","Strikes (Minimum Service Levels) Bill: motion to disagree with Lords Amendment 4B","CD:2023-06-21:1570"
"http://data.parliament.uk/resources/1646220","2023-06-21","Strikes (Minimum Service Levels) Bill: motion to disagree with Lords Amendments 5B, 5C and 5D","CD:2023-06-21:1571"
"http://data.parliament.uk/resources/1646259","2023-06-21","Retained EU Law (Revocation and Reform) Bill Lords Message: motion to disagree with Lords Amendment 15D ","CD:2023-06-21:1572"
"http://data.parliament.uk/resources/1646260","2023-06-21","Retained EU Law (Revocation and Reform) Bill Lords Message: motion to disagree with Lords Amendment 42D","CD:2023-06-21:1573"
"http://data.parliament.uk/resources/1646266","2023-06-21","Opposition Day: Animal Welfare (Kept Animals)","CD:2023-06-21:1574"
"http://data.parliament.uk/resources/1646267","2023-06-21","Government Amendment to Opposition day debate on Animal Welfare (Kept Animals)","CD:2023-06-21:1575"
"http://data.parliament.uk/resources/1645861","2023-06-20","Finance (No. 2) Bill Report Stage: New Clause 7","CD:2023-06-20:1567"
"http://data.parliament.uk/resources/1645863","2023-06-20","Finance (No. 2) Bill Report Stage: Amendment 1","CD:2023-06-20:1568"
"http://data.parliament.uk/resources/1645545","2023-06-19","Privilege Motion","CD:2023-06-19:1566"
"http://data.parliament.uk/resources/1644573","2023-06-14","Draft Animal By-Products, Pet Passport and Animal Health (Fees) (England) (Amendment) Regulations 2023","CD:2023-06-14:1564"
"http://data.parliament.uk/resources/1644574","2023-06-14","Opposition Day: Cost of living and Brexit","CD:2023-06-14:1565"
"http://data.parliament.uk/resources/1644021","2023-06-13","Procurement Bill [Lords] Report Stage: New Clause 10 ","CD:2023-06-13:1560"
"http://data.parliament.uk/resources/1644022","2023-06-13","Procurement Bill [Lords] Report Stage: Amendment 2","CD:2023-06-13:1561"
"http://data.parliament.uk/resources/1644023","2023-06-13","Procurement Bill [Lords] Report Stage: Amendment 18 ","CD:2023-06-13:1562"
"http://data.parliament.uk/resources/1644024","2023-06-13","Procurement Bill [Lords] Report Stage: Amendment 3","CD:2023-06-13:1563"
"http://data.parliament.uk/resources/1643554","2023-06-12","Motion to disagree with Lords Amendment 15B","CD:2023-06-12:1557"
"http://data.parliament.uk/resources/1643559","2023-06-12","Motion to disagree with Lords Amendment 42B","CD:2023-06-12:1558"
"http://data.parliament.uk/resources/1643561","2023-06-12","That the draft Public Order Act 1986 (Serious Disruption to the Life of the Community) Regulations 2023 be approved","CD:2023-06-12:1559"
"http://data.parliament.uk/resources/1642491","2023-06-07","Opposition Day: Mental health treatment and support","CD:2023-06-07:1554"
"http://data.parliament.uk/resources/1642492","2023-06-07","Opposition Day: Mental health treatment and support: Government amendment","CD:2023-06-07:1555"
"http://data.parliament.uk/resources/1642505","2023-06-07","Opposition day: Accountability and scrutiny of Teesworks","CD:2023-06-07:1556"
"http://data.parliament.uk/resources/1642042","2023-06-06","Committee on Standards Motion","CD:2023-06-06:1553"
"http://data.parliament.uk/resources/1639952","2023-05-24","Retained EU Law (Revocation and Reform) Bill: motion to disagree with Lords Amendment  Lords Amendment 6","CD:2023-05-24:1549"
"http://data.parliament.uk/resources/1639953","2023-05-24","Retained EU Law (Revocation and Reform) Bill: Amendment (a) to Lords Amendment 1","CD:2023-05-24:1550"
"http://data.parliament.uk/resources/1639957","2023-05-24","Retained EU Law (Revocation and Reform) Bill: motion to disagree with Lords Amendment 42","CD:2023-05-24:1552"
"http://data.parliament.uk/resources/1640181","2023-05-24","Retained EU Law (Revocation and Reform) Bill: motion to disagree with Lords Amendment 15","CD:2023-05-24:1551"
"http://data.parliament.uk/resources/1639556","2023-05-23","Opposition Day - Leasehold","CD:2023-05-23:1547"
"http://data.parliament.uk/resources/1639569","2023-05-23","Opposition Day: Safety of School Buildings","CD:2023-05-23:1548"
"http://data.parliament.uk/resources/1639171","2023-05-22","Non-Domestic Rating Bill Committee: Amendment 20","CD:2023-05-22:1542"
"http://data.parliament.uk/resources/1639178","2023-05-22","Strikes (Minimum Service Levels) Bill: motion to disagree with Lords Amendment 1","CD:2023-05-22:1543"
"http://data.parliament.uk/resources/1639181","2023-05-22","Strikes (Minimum Service Levels) Bill: motion to disagree with Lords Amendment 2","CD:2023-05-22:1544"
"http://data.parliament.uk/resources/1639183","2023-05-22","Strikes (Minimum Service Levels) Bill: motion to disagree with Lords Amendment 4","CD:2023-05-22:1545"
"http://data.parliament.uk/resources/1639186","2023-05-22","Strikes (Minimum Service Levels) Bill: motion to disagree with Lords Amendment 5","CD:2023-05-22:1546"
"http://data.parliament.uk/resources/1627999","2023-05-16","Opposition Day: Cost of living","CD:2023-05-16:1539"
"http://data.parliament.uk/resources/1628002","2023-05-16","Opposition Day: Cost of living: Government Amendment","CD:2023-05-16:1540"
"http://data.parliament.uk/resources/1628010","2023-05-16","Opposition Day: Repeal of the Public Order Act 2023","CD:2023-05-16:1541"
"http://data.parliament.uk/resources/1625576","2023-05-03","National Security Bill: Amendment (c) to Lords Amendment 26","CD:2023-05-03:1535"
"http://data.parliament.uk/resources/1625578","2023-05-03","National Security Bill: motion to disagree with Lords Amendment 22","CD:2023-05-03:1536"
"http://data.parliament.uk/resources/1625579","2023-05-03","National Security Bill: motion to disagree with Lords Amendment 122","CD:2023-05-03:1537"
"http://data.parliament.uk/resources/1625585","2023-05-03","Lifelong Learning (Higher Education Fee Limits) Bill Report Stage: New Clause 1","CD:2023-05-03:1538"
"http://data.parliament.uk/resources/1623950","2023-04-26","Illegal Migration Bill Report Stage: New Clause 9","CD:2023-04-26:1529"
"http://data.parliament.uk/resources/1623952","2023-04-26","Illegal Migration Bill Report Stage: New Clause 10","CD:2023-04-26:1530"
"http://data.parliament.uk/resources/1623953","2023-04-26","Illegal Migration Bill Report Stage: New Clause 15","CD:2023-04-26:1531"
"http://data.parliament.uk/resources/1623954","2023-04-26","Illegal Migration Bill Report Stage: Amendment 45","CD:2023-04-26:1532"
"http://data.parliament.uk/resources/1623955","2023-04-26","Illegal Migration Bill Report Stage: Amendment 2","CD:2023-04-26:1533"
"http://data.parliament.uk/resources/1623958","2023-04-26","Illegal Migration Bill - Third Reading","CD:2023-04-26:1534"
"http://data.parliament.uk/resources/1623592","2023-04-25","Opposition Day: Water quality (sewage discharge): Prime Minister's amendment","CD:2023-04-25:1525"
"http://data.parliament.uk/resources/1623594","2023-04-25","Opposition Day: Water quality (sewage discharge): motion as amended","CD:2023-04-25:1526"
"http://data.parliament.uk/resources/1623604","2023-04-25","Opposition Day: Cost of living increases","CD:2023-04-25:1527"
"http://data.parliament.uk/resources/1623605","2023-04-25","Opposition Day: Cost of living increases: Prime Minister's amendment","CD:2023-04-25:1528"
"http://data.parliament.uk/resources/1623208","2023-04-24","Public Order Bill: motion to disagree with Lords Amendments 6H & 6J","CD:2023-04-24:1524"
"http://data.parliament.uk/resources/1612197","2023-04-19","Finance (No. 2) Bill Committee of the whole House: Amendment 21","CD:2023-04-19:1520"
"http://data.parliament.uk/resources/1612198","2023-04-19","Finance (No. 2) Bill Committee of the whole House: Clause 18 stand part","CD:2023-04-19:1521"
"http://data.parliament.uk/resources/1612199","2023-04-19","Finance (No. 2) Bill Committee of the whole House: New Clause 5","CD:2023-04-19:1522"
"http://data.parliament.uk/resources/1612203","2023-04-19","Finance (No. 2) Bill Committee of the whole House: Amendment 7","CD:2023-04-19:1523"
"http://data.parliament.uk/resources/1611613","2023-04-18","Finance (No. 2) Bill Committee of the whole House: New Clause 1","CD:2023-04-18:1517"
"http://data.parliament.uk/resources/1611617","2023-04-18","Finance (No. 2) Bill Committee of the whole House: New Clause 3","CD:2023-04-18:1518"
"http://data.parliament.uk/resources/1611619","2023-04-18","Finance (No. 2) Bill Committee of the whole House: New Clause 6","CD:2023-04-18:1519"
"http://data.parliament.uk/resources/1608497","2023-03-29","Finance (No. 2) Bill: Reasoned Amendment to Second Reading motion","CD:2023-03-29:1515"
"http://data.parliament.uk/resources/1608099","2023-03-28","Illegal Migration Bill: Committee of the whole House: Amendment 189","CD:2023-03-28:1510"
"http://data.parliament.uk/resources/1608100","2023-03-28","Illegal Migration Bill: Committee of the whole House: Clause 11 stand part","CD:2023-03-28:1511"
"http://data.parliament.uk/resources/1608101","2023-03-28","Illegal Migration Bill: Committee of the whole House: Amendment 288","CD:2023-03-28:1512"
"http://data.parliament.uk/resources/1608102","2023-03-28","Illegal Migration Bill: Committee of the whole House: New Clause 21","CD:2023-03-28:1513"
"http://data.parliament.uk/resources/1608103","2023-03-28","Illegal Migration Bill: Committee of the whole House: New Clause 27","CD:2023-03-28:1514"
"http://data.parliament.uk/resources/1607689","2023-03-27","Illegal Migration Bill: Committee of the whole House: Amendment 76","CD:2023-03-27:1506"
"http://data.parliament.uk/resources/1607690","2023-03-27","Illegal Migration Bill: Committee of the whole House: New Clause 6","CD:2023-03-27:1507"
"http://data.parliament.uk/resources/1607691","2023-03-27","Illegal Migration Bill: Committee of the whole House: New Clause 24","CD:2023-03-27:1508"
"http://data.parliament.uk/resources/1607692","2023-03-27","Illegal Migration Bill: Committee of the whole House: New Clause 25","CD:2023-03-27:1509"
"http://data.parliament.uk/resources/1606225","2023-03-22","Draft Windsor Framework (Democratic Scrutiny) Regulations 2023","CD:2023-03-22:1504"
"http://data.parliament.uk/resources/1606226","2023-03-22","Draft Criminal Justice Act 2003 (Home Detention Curfew) Order 2023","CD:2023-03-22:1503"
"http://data.parliament.uk/resources/1606228","2023-03-22","Public Order Bill: Motion to disagree with the Lords in Amendments 6B to 6F","CD:2023-03-22:1505"
"http://data.parliament.uk/resources/1605837","2023-03-21","Budget Motion no. 18: Pensions (lifetime allowance charge and annual allowance)","CD:2023-03-21:1501"
"http://data.parliament.uk/resources/1605839","2023-03-21","Budget Motion no. 36: Alcohol duty","CD:2023-03-21:1502"
"http://data.parliament.uk/resources/1603406","2023-03-13","Illegal Migration Bill: Reasoned Amendment to Second Reading","CD:2023-03-13:1496"
"http://data.parliament.uk/resources/1603407","2023-03-13","Illegal Migration Bill: Second Reading","CD:2023-03-13:1497"
"http://data.parliament.uk/resources/1603409","2023-03-13","Illegal Migration Bill: Programme motion","CD:2023-03-13:1498"
"http://data.parliament.uk/resources/1603413","2023-03-13","Illegal Migration Bill: Money","CD:2023-03-13:1499"
"http://data.parliament.uk/resources/1601775","2023-03-07","Public Order Bill: Amendment (a) to Lords Amendment 5","CD:2023-03-07:1491"
"http://data.parliament.uk/resources/1601780","2023-03-07","Public Order Bill: Motion to disagree with Lords Amendment 6","CD:2023-03-07:1492"
"http://data.parliament.uk/resources/1601782","2023-03-07","Public Order Bill: Amendment (a) in lieu of Lords Amendment 1","CD:2023-03-07:1494"
"http://data.parliament.uk/resources/1601783","2023-03-07","Public Order Bill: Motion to disagree with Lords Amendment 1","CD:2023-03-07:1493"
"http://data.parliament.uk/resources/1601784","2023-03-07","Public Order Bill: Motion to disagree with Lords Amendment 20","CD:2023-03-07:1495"
"http://data.parliament.uk/resources/1601273","2023-03-06","Social Security (Additional Payments) (No. 2) Bill Committee: Amendment 4","CD:2023-03-06:1489"
"http://data.parliament.uk/resources/1601274","2023-03-06","Social Security (Additional Payments) (No. 2) Bill Committee: Amendment 2","CD:2023-03-06:1490"
"http://data.parliament.uk/resources/1600213","2023-03-01","Social Housing (Regulation) Bill [Lords] Report Stage: New Clause 7","CD:2023-03-01:1486"
"http://data.parliament.uk/resources/1600214","2023-03-01","Social Housing (Regulation) Bill [Lords] Report Stage: Amendment 42","CD:2023-03-01:1487"
"http://data.parliament.uk/resources/1600217","2023-03-01","Social Housing (Regulation) Bill [Lords] Report Stage: Amendment 40","CD:2023-03-01:1488"
"http://data.parliament.uk/resources/1599813","2023-02-28","Opposition Day: Expanding the NHS workforce","CD:2023-02-28:1485"
"http://data.parliament.uk/resources/1587638","2023-02-21","Scottish Affairs Committee Membership","CD:2023-02-21:1484"
"http://data.parliament.uk/resources/1584804","2023-02-07","Seafarers' Wages Bill [Lords] Report Stage: New Clause 2","CD:2023-02-07:1479"
"http://data.parliament.uk/resources/1584805","2023-02-07","Seafarers' Wages Bill [Lords] Report Stage: New Clause 4","CD:2023-02-07:1480"
"http://data.parliament.uk/resources/1584806","2023-02-07","Seafarers' Wages Bill [Lords] Report Stage: Amendment 24","CD:2023-02-07:1481"
"http://data.parliament.uk/resources/1584880","2023-02-07","Nuclear Regulated Asset Base Model (Revenue Collection) Regulations 2023: Motion to approve","CD:2023-02-07:1483"
"http://data.parliament.uk/resources/1584881","2023-02-07","Higher Education (Freedom of Speech) Bill: Motion to disagree with Lords Amendment 10","CD:2023-02-07:1482"
"http://data.parliament.uk/resources/1582698","2023-02-01","UK Infrastructure Bank Bill [Lords] Report Stage: New Clause 2","CD:2023-02-01:1476"
"http://data.parliament.uk/resources/1582699","2023-02-01","UK Infrastructure Bank Bill [Lords] Report Stage: Amendment 5","CD:2023-02-01:1477"
"http://data.parliament.uk/resources/1582700","2023-02-01","UK Infrastructure Bank Bill [Lords] Report Stage: Amendment 2","CD:2023-02-01:1478"
"http://data.parliament.uk/resources/1582170","2023-01-31","Opposition Day: Crime and Neighbourhood Policing","CD:2023-01-31:1473"
"http://data.parliament.uk/resources/1582172","2023-01-31","Opposition Day: Crime and Neighbourhood Policing: Government amendment","CD:2023-01-31:1474"
"http://data.parliament.uk/resources/1582180","2023-01-31","Opposition Day: Non-domicile tax status","CD:2023-01-31:1475"
"http://data.parliament.uk/resources/1581712","2023-01-30","Strikes (Minimum Service Levels) Bill Committee: Amendment 32","CD:2023-01-30:1468"
"http://data.parliament.uk/resources/1581713","2023-01-30","Strikes (Minimum Service Levels) Bill Committee: Amendment 2","CD:2023-01-30:1469"
"http://data.parliament.uk/resources/1581714","2023-01-30","Strikes (Minimum Service Levels) Bill Committee: Amendment 4","CD:2023-01-30:1470"
"http://data.parliament.uk/resources/1581715","2023-01-30","Strikes (Minimum Service Levels) Bill Committee: Amendment 1","CD:2023-01-30:1471"
"http://data.parliament.uk/resources/1581716","2023-01-30","Strikes (Minimum Service Levels) Bill Committee: Third Reading","CD:2023-01-30:1472"
"http://data.parliament.uk/resources/1580554","2023-01-25","Draft Environmental Targets (Residual Waste) (England) Regulations 2022","CD:2023-01-25:1464"
"http://data.parliament.uk/resources/1580555","2023-01-25","Draft Environmental Targets (Biodiversity) (England) Regulations 2022","CD:2023-01-25:1460"
"http://data.parliament.uk/resources/1580556","2023-01-25","Draft Environmental Targets (Woodland and Trees Outside Woodland) (England) Regulations 2022","CD:2023-01-25:1461"
"http://data.parliament.uk/resources/1580557","2023-01-25","Draft Environmental Targets (Water) (England) Regulations 2022","CD:2023-01-25:1462"
"http://data.parliament.uk/resources/1580558","2023-01-25","Draft Environmental Targets (Fine Particulate Matter) (England) Regulations","CD:2023-01-25:1463"
"http://data.parliament.uk/resources/1580563","2023-01-25","Economic Crime and Corporate Transparency Bill Report Stage: New Clause 3","CD:2023-01-25:1465"
"http://data.parliament.uk/resources/1580565","2023-01-25","Economic Crime and Corporate Transparency Bill Report Stage: New Clause 26","CD:2023-01-25:1466"
"http://data.parliament.uk/resources/1580566","2023-01-25","Economic Crime and Corporate Transparency Bill Report Stage: New Clause 27","CD:2023-01-25:1467"
"http://data.parliament.uk/resources/1580050","2023-01-24","Economic Crime and Corporate Transparency Bill Report Stage: New Clause 22","CD:2023-01-24:1457"
"http://data.parliament.uk/resources/1580051","2023-01-24","Economic Crime and Corporate Transparency Bill Report Stage: New Clause 34","CD:2023-01-24:1458"
"http://data.parliament.uk/resources/1580053","2023-01-24","Economic Crime and Corporate Transparency Bill Report Stage: New Clause 36","CD:2023-01-24:1459"
"http://data.parliament.uk/resources/1567930","2023-01-18","Retained EU Law (Revocation and Reform) Bill Report Stage: Amendment 18","CD:2023-01-18:1452"
"http://data.parliament.uk/resources/1567935","2023-01-18","Retained EU Law (Revocation and Reform) Bill Report Stage: Amendment 28","CD:2023-01-18:1453"
"http://data.parliament.uk/resources/1567937","2023-01-18","Retained EU Law (Revocation and Reform) Bill Report Stage: Amendment 19","CD:2023-01-18:1454"
"http://data.parliament.uk/resources/1567938","2023-01-18","Retained EU Law (Revocation and Reform) Bill Report Stage: Amendment 36","CD:2023-01-18:1455"
"http://data.parliament.uk/resources/1567939","2023-01-18","Retained EU Law (Revocation and Reform) Bill: Third Reading","CD:2023-01-18:1456"
"http://data.parliament.uk/resources/1567457","2023-01-17","Standing Order No. 24 debate: section 35 of the Scotland Act","CD:2023-01-17:1449"
"http://data.parliament.uk/resources/1567461","2023-01-17","Online Safety Bill Report Stage: New Clause 4","CD:2023-01-17:1450"
"http://data.parliament.uk/resources/1567462","2023-01-17","Online Safety Bill Report Stage: Amendment 43","CD:2023-01-17:1451"
"http://data.parliament.uk/resources/1567044","2023-01-16","Strikes (Minimum Service Levels) Bill: Second Reading","CD:2023-01-16:1446"
"http://data.parliament.uk/resources/1567045","2023-01-16","Strikes (Minimum Service Levels) Bill: Programme","CD:2023-01-16:1447"
"http://data.parliament.uk/resources/1567046","2023-01-16","Strikes (Minimum Service Levels) Bill: Money","CD:2023-01-16:1448"
"http://data.parliament.uk/resources/1567047","2023-01-16","Motion to sit in private","CD:2023-01-16:1445"
"http://data.parliament.uk/resources/1565804","2023-01-11","Opposition day: Fair Taxation of Schools and Education Standards Committee","CD:2023-01-11:1442"
"http://data.parliament.uk/resources/1566134","2023-01-11","Opposition day: NHS: Long-term strategy: Government amendment","CD:2023-01-11:1444"
"http://data.parliament.uk/resources/1566135","2023-01-11","Opposition day: NHS: Long-term strategy","CD:2023-01-11:1443"
"http://data.parliament.uk/resources/1565360","2023-01-10","Stamp Duty Land Tax (Reduction) Bill Committee: Amendment (a) to Government Amendment 1","CD:2023-01-10:1439"
"http://data.parliament.uk/resources/1565362","2023-01-10","Stamp Duty Land Tax (Reduction) Bill Committee: New Clause 3","CD:2023-01-10:1440"
"http://data.parliament.uk/resources/1565363","2023-01-10","Stamp Duty Land Tax (Temporary Relief) Bill: Third Reading","CD:2023-01-10:1441"
"http://data.parliament.uk/resources/1551479","2022-12-14","Asylum Seekers (Removal to safe countries) - Leave to bring in bill","CD:2022-12-14:1437"
"http://data.parliament.uk/resources/1551482","2022-12-14","draft Architects Act 1997 (Amendment) Regulations 2022","CD:2022-12-14:1436"
"http://data.parliament.uk/resources/1551837","2022-12-14","Opposition day: Scotland's future","CD:2022-12-14:1438"
"http://data.parliament.uk/resources/1550925","2022-12-13","Levelling-up and Regeneration Bill Report Stage: New Clause 98","CD:2022-12-13:1432"
"http://data.parliament.uk/resources/1550926","2022-12-13","Levelling-up and Regeneration Bill: New Clause 120","CD:2022-12-13:1433"
"http://data.parliament.uk/resources/1550927","2022-12-13","Levelling-up and Regeneration Bill Report Stage: Amendment 78","CD:2022-12-13:1434"
"http://data.parliament.uk/resources/1550930","2022-12-13","Levelling-up and Regeneration Bill: Amendment 84","CD:2022-12-13:1435"
"http://data.parliament.uk/resources/1550420","2022-12-12","Trade (Australia and New Zealand) Bill Report Stage: NC2","CD:2022-12-12:1425"
"http://data.parliament.uk/resources/1550422","2022-12-12","Trade (Australia and New Zealand) Bill Report Stage: NC12","CD:2022-12-12:1426"
"http://data.parliament.uk/resources/1550423","2022-12-12","Trade (Australia and New Zealand) Bill Report Stage: Amendment 3","CD:2022-12-12:1427"
"http://data.parliament.uk/resources/1550426","2022-12-12","Trade (Australia and New Zealand) Bill: Third Reading","CD:2022-12-12:1428"
"http://data.parliament.uk/resources/1550431","2022-12-12","Draft Voter Identification Regulations 2022","CD:2022-12-12:1429"
"http://data.parliament.uk/resources/1550465","2022-12-12"," Standards Code of Conduct amendment (a)","CD:2022-12-12:1430"
"http://data.parliament.uk/resources/1550468","2022-12-12","Standards Code of Conduct amendment (b)","CD:2022-12-12:1431"
"http://data.parliament.uk/resources/1549259","2022-12-07","draft Police and Crime Commissioner Elections and Welsh Forms (Amendment) Order 2022","CD:2022-12-07:1421"
"http://data.parliament.uk/resources/1549260","2022-12-07","draft Local Authorities (Mayoral Elections) (England and Wales) (Amendment) Regulations 2022","CD:2022-12-07:1420"
"http://data.parliament.uk/resources/1549261","2022-12-07","draft Combined Authorities (Mayoral Elections) (Amendment) Order 2022","CD:2022-12-07:1419"
"http://data.parliament.uk/resources/1549262","2022-12-07","draft Agricultural Holdings (Fee) Regulations 2022","CD:2022-12-07:1418"
"http://data.parliament.uk/resources/1549268","2022-12-07","Financial Services and Markets Bill Report Stage: New Clause 1","CD:2022-12-07:1422"
"http://data.parliament.uk/resources/1549269","2022-12-07","Financial Markets and Services Bill Report Stage: New Clause 2","CD:2022-12-07:1423"
"http://data.parliament.uk/resources/1549270","2022-12-07","Financial Markets and Services Bill Report Stage: New Clause 7","CD:2022-12-07:1424"
"http://data.parliament.uk/resources/1548747","2022-12-06","Opposition Day: NHS Workforce","CD:2022-12-06:1417"
"http://data.parliament.uk/resources/1548317","2022-12-05","Online Safety Bill Report Stage: New Clause 16","CD:2022-12-05:1413"
"http://data.parliament.uk/resources/1548318","2022-12-05","Online Safety Bill Report Stage: New Clause 17","CD:2022-12-05:1414"
"http://data.parliament.uk/resources/1548319","2022-12-05","Online Safety Bill Report Stage: New Clause 28","CD:2022-12-05:1415"
"http://data.parliament.uk/resources/1548321","2022-12-05","Online Safety Bill: Programme (No. 4) Motion ","CD:2022-12-05:1416"
"http://data.parliament.uk/resources/1546742","2022-11-30","Finance Bill Committee: Amendment 2","CD:2022-11-30:1408"
"http://data.parliament.uk/resources/1546746","2022-11-30","Finance Bill Committee: New Clause 2","CD:2022-11-30:1410"
"http://data.parliament.uk/resources/1546747","2022-11-30","Finance Bill Committee: New Clause 3","CD:2022-11-30:1411"
"http://data.parliament.uk/resources/1546748","2022-11-30","Finance Bill Committee: Third Reading","CD:2022-11-30:1412"
"http://data.parliament.uk/resources/1546752","2022-11-30","Finance Bill Committee: Clause 5 stand part","CD:2022-11-30:1409"
"http://data.parliament.uk/resources/1546317","2022-11-29","Privilege Motion","CD:2022-11-29:1407"
"http://data.parliament.uk/resources/1545779","2022-11-28","Finance Bill: Reasoned Amendment to Second Reading","CD:2022-11-28:1405"
"http://data.parliament.uk/resources/1545823","2022-11-28","Finance Bill: Second Reading","CD:2022-11-28:1406"
"http://data.parliament.uk/resources/1544798","2022-11-23","Levelling-up and Regeneration Bill Report Stage: New Clause 41 ","CD:2022-11-23:1401"
"http://data.parliament.uk/resources/1544799","2022-11-23","Levelling-up and Regeneration Bill Report Stage: New Clause 46","CD:2022-11-23:1402"
"http://data.parliament.uk/resources/1544800","2022-11-23","Levelling-up and Regeneration Bill Report Stage: New Clause 84","CD:2022-11-23:1403"
"http://data.parliament.uk/resources/1544801","2022-11-23","Levelling-up and Regeneration Bill Report Stage: Amendment 14","CD:2022-11-23:1404"
"http://data.parliament.uk/resources/1544345","2022-11-22","Ways and Means Motion No. 3: Basic rate limit and personal allowance for tax years 2026-27 and 2027-28","CD:2022-11-22:1400"
"http://data.parliament.uk/resources/1543529","2022-11-18","Motion to sit in private","CD:2022-11-18:1399"
"http://data.parliament.uk/resources/1542755","2022-11-16","National Security Bill Report Stage: New Clause 3","CD:2022-11-16:1395"
"http://data.parliament.uk/resources/1542756","2022-11-16","National Security Bill Report Stage: Amendment 14","CD:2022-11-16:1396"
"http://data.parliament.uk/resources/1542757","2022-11-16","National Security Bill Report Stage: Amendment 132","CD:2022-11-16:1397"
"http://data.parliament.uk/resources/1542758","2022-11-16","National Security Bill Report Stage: Government Amendment 60","CD:2022-11-16:1398"
"http://data.parliament.uk/resources/1540507","2022-11-08","Opposition Day: the State Pension triple lock","CD:2022-11-08:1393"
"http://data.parliament.uk/resources/1540513","2022-11-08","Opposition Day: Papers relating to the Home Secretary","CD:2022-11-08:1394"
"http://data.parliament.uk/resources/1538504","2022-11-02","Opposition Day: Scottish Independence and Scottish Economy","CD:2022-11-02:1392"
"http://data.parliament.uk/resources/1537269","2022-10-31","Genetic Technology (Precision Breeding) Bill Report Stage: New Clause 9","CD:2022-10-31:1387"
"http://data.parliament.uk/resources/1537270","2022-10-31","Genetic Technology (Precision Breeding) Bill Report Stage: Amendment 1","CD:2022-10-31:1388"
"http://data.parliament.uk/resources/1537271","2022-10-31","Genetic Technology (Precision Breeding) Bill Report Stage: Amendment 3","CD:2022-10-31:1389"
"http://data.parliament.uk/resources/1537272","2022-10-31","Genetic Technology (Precision Breeding) Bill Report Stage: Amendment 4","CD:2022-10-31:1390"
"http://data.parliament.uk/resources/1537273","2022-10-31","Product Security and Telecommunications Infrastructure Bill: motion to disagree with Lords Amendment 17","CD:2022-10-31:1391"
"http://data.parliament.uk/resources/1537066","2022-10-28","Motion to sit in private","CD:2022-10-28:1386"
"http://data.parliament.uk/resources/1536230","2022-10-26","Identity and Language (Northern Ireland) Bill [Lords] Committee: Amendment 6","CD:2022-10-26:1383"
"http://data.parliament.uk/resources/1536231","2022-10-26","Identity and Language (Northern Ireland) Bill [Lords] Committee: Amendment 1 ","CD:2022-10-26:1384"
"http://data.parliament.uk/resources/1536232","2022-10-26","Identity and Language (Northern Ireland) Bill [Lords] Committee: Amendment 13","CD:2022-10-26:1385"
"http://data.parliament.uk/resources/1535659","2022-10-25","Motion to sit in private","CD:2022-10-25:1377"
"http://data.parliament.uk/resources/1535662","2022-10-25","Retained EU Law (Revocation and Reform) Bill: Reasoned Amendment to Second Reading","CD:2022-10-25:1378"
"http://data.parliament.uk/resources/1535669","2022-10-25","Retained EU Law (Revocation and Reform) Bill: Second Reading","CD:2022-10-25:1379"
"http://data.parliament.uk/resources/1535670","2022-10-25","Retained EU Law (Revocation and Reform) Bill: Programme Motion","CD:2022-10-25:1380"
"http://data.parliament.uk/resources/1535674","2022-10-25","Retained EU Law (Revocation and Reform) Bill: Money","CD:2022-10-25:1381"
"http://data.parliament.uk/resources/1535675","2022-10-25","Retained EU Law (Revocation and Reform) Bill: Ways and Means","CD:2022-10-25:1382"
"http://data.parliament.uk/resources/1535081","2022-10-24","Stamp Duty Land Tax (Reduction) Amendment (a)","CD:2022-10-24:1374"
"http://data.parliament.uk/resources/1535084","2022-10-24","Stamp Duty Land Tax (main motion)","CD:2022-10-24:1375"
"http://data.parliament.uk/resources/1535086","2022-10-24","Stamp Duty Land Tax (Reduction) Bill: second reading","CD:2022-10-24:1376"
"http://data.parliament.uk/resources/1524958","2022-10-21","Motion to sit in private","CD:2022-10-21:1373"
"http://data.parliament.uk/resources/1523986","2022-10-19","Opposition Day: Economic responsibility and a plan for growth","CD:2022-10-19:1371"
"http://data.parliament.uk/resources/1524003","2022-10-19","Ban on Fracking for Shale Gas Bill","CD:2022-10-19:1372"
"http://data.parliament.uk/resources/1523316","2022-10-18","Public Order Bill Report Stage: New Clause 4","CD:2022-10-18:1366"
"http://data.parliament.uk/resources/1523317","2022-10-18","Public Order Bill Report Stage: Amendment 1","CD:2022-10-18:1369"
"http://data.parliament.uk/resources/1523318","2022-10-18","Public Order Bill Report Stage: New Clause 11","CD:2022-10-18:1368"
"http://data.parliament.uk/resources/1523319","2022-10-18","Public Order Bill Report Stage: New Clause 5","CD:2022-10-18:1367"
"http://data.parliament.uk/resources/1523320","2022-10-18","Public Order Bill: Third Reading","CD:2022-10-18:1370"
"http://data.parliament.uk/resources/1522719","2022-10-17","Energy Prices Bill Committee: New Clause 3","CD:2022-10-17:1363"
"http://data.parliament.uk/resources/1522720","2022-10-17","Energy Prices Bill Committee: New Clause 18","CD:2022-10-17:1364"
"http://data.parliament.uk/resources/1522721","2022-10-17","Energy Prices Bill Committee: Amendment 2","CD:2022-10-17:1365"
"http://data.parliament.uk/resources/1520976","2022-10-12","Identity and Language (Northern Ireland) Bill [Lords]: Second Reading","CD:2022-10-12:1362"
"http://data.parliament.uk/resources/1520309","2022-10-11","Health and Social Care Levy (Repeal) Bill: New Clause 1","CD:2022-10-11:1361"
"http://data.parliament.uk/resources/1505267","2022-09-06","Trade (Australia and New Zealand) Bill: Second Reading","CD:2022-09-06:1360"
"http://data.parliament.uk/resources/1490946","2022-07-20","Northern Ireland Protocol Bill Committee: Amendment 12","CD:2022-07-20:1355"
"http://data.parliament.uk/resources/1490947","2022-07-20","Northern Ireland Protocol Bill Committee: Amendment 49","CD:2022-07-20:1356"
"http://data.parliament.uk/resources/1490949","2022-07-20","Northern Ireland Protocol Bill Committee: Amendment 3 ","CD:2022-07-20:1357"
"http://data.parliament.uk/resources/1490950","2022-07-20","Northern Ireland Protocol Bill Committee: New Clause 12","CD:2022-07-20:1358"
"http://data.parliament.uk/resources/1490952","2022-07-20","Northern Ireland Protocol Bill: Third Reading","CD:2022-07-20:1359"
"http://data.parliament.uk/resources/1490488","2022-07-19","Northern Ireland Protocol Bill Committee: Amendment 44","CD:2022-07-19:1352"
"http://data.parliament.uk/resources/1490493","2022-07-19","Northern Ireland Protocol Bill Committee: Amendment 28","CD:2022-07-19:1353"
"http://data.parliament.uk/resources/1490497","2022-07-19","Northern Ireland Protocol Bill Committee: New Clause 15","CD:2022-07-19:1354"
"http://data.parliament.uk/resources/1489934","2022-07-18","Confidence in Her Majestys Government","CD:2022-07-18:1351"
"http://data.parliament.uk/resources/1488664","2022-07-13","Northern Ireland Protocol Bill Committee: Amendment 26","CD:2022-07-13:1346"
"http://data.parliament.uk/resources/1488667","2022-07-13","Northern Ireland Protocol Bill Committee: Amendment 8","CD:2022-07-13:1347"
"http://data.parliament.uk/resources/1488669","2022-07-13","Northern Ireland Protocol Bill: Clauses 15 and 16 stand part","CD:2022-07-13:1348"
"http://data.parliament.uk/resources/1488670","2022-07-13","Northern Ireland Protocol Bill: New Clause 10","CD:2022-07-13:1349"
"http://data.parliament.uk/resources/1488673","2022-07-13","Northern Ireland Protocol Bill: Amendment 24","CD:2022-07-13:1350"
"http://data.parliament.uk/resources/1488172","2022-07-12","Online Safety Bill Report Stage: New Clause 3","CD:2022-07-12:1341"
"http://data.parliament.uk/resources/1488175","2022-07-12","Online Safety Bill Report Stage: Amendment 187","CD:2022-07-12:1342"
"http://data.parliament.uk/resources/1488178","2022-07-12","Online Safety Bill Report Stage: New Clause 14","CD:2022-07-12:1343"
"http://data.parliament.uk/resources/1488181","2022-07-12","Online Safety Bill Report Stage: New Clause 7","CD:2022-07-12:1344"
"http://data.parliament.uk/resources/1488182","2022-07-12","Online Safety Bill Report Stage: Amendment 31","CD:2022-07-12:1345"
"http://data.parliament.uk/resources/1487750","2022-07-11","Energy (Oil and Gas) Profits Levy Bill Committee: Amendment 9","CD:2022-07-11:1336"
"http://data.parliament.uk/resources/1487751","2022-07-11","Energy (Oil and Gas) Energy Profits Levy Bill Committee: Clause 2 stand part","CD:2022-07-11:1337"
"http://data.parliament.uk/resources/1487752","2022-07-11","Energy (Oil and Gas) Profits Levy Bill Committee: New Clause 3","CD:2022-07-11:1338"
"http://data.parliament.uk/resources/1487804","2022-07-11","draft Conduct of Employment Agencies and Employment Businesses (Amendment) Regulations 2022","CD:2022-07-11:1339"
"http://data.parliament.uk/resources/1487805","2022-07-11","Humble Address: Liability of Trade Unions in Proceedings in Tort (Increase of Limits on Damages) Order 2022","CD:2022-07-11:1340"
"http://data.parliament.uk/resources/1485880","2022-07-04","Northern Ireland Troubles (Legacy and Reconciliation) Bill Committee: Amendment 114","CD:2022-07-04:1329"
"http://data.parliament.uk/resources/1485881","2022-07-04","Northern Ireland Troubles (Legacy and Reconciliation) Bill Committee: Amendment 116","CD:2022-07-04:1330"
"http://data.parliament.uk/resources/1485882","2022-07-04","Northern Ireland Troubles (Legacy and Reconciliation) Bill Committee: Clause 39 stand part","CD:2022-07-04:1331"
"http://data.parliament.uk/resources/1485883","2022-07-04","Northern Ireland Troubles (Legacy & Reconciliation) Bill Committee: New Clause 5","CD:2022-07-04:1332"
"http://data.parliament.uk/resources/1485887","2022-07-04","Northern Ireland Troubles (Legacy and Reconciliation) Bill Committee: New Clause 4","CD:2022-07-04:1333"
"http://data.parliament.uk/resources/1485888","2022-07-04","Northern Ireland Troubles (Legacy and Reconciliation) Bill: Third Reading","CD:2022-07-04:1334"
"http://data.parliament.uk/resources/1485889","2022-07-04","draft Slavery and Human Trafficking (Definition of Victim) Regulations 2022","CD:2022-07-04:1335"
"http://data.parliament.uk/resources/1484606","2022-06-29","Northern Ireland Troubles (Legacy and Reconciliation) Bill Committee: Amendment 97","CD:2022-06-29:1326"
"http://data.parliament.uk/resources/1484607","2022-06-29","Northern Ireland Troubles (Legacy and Reconciliation) Bill Committee:Amendment 98","CD:2022-06-29:1327"
"http://data.parliament.uk/resources/1484608","2022-06-29","Northern Ireland Troubles (Legacy and Reconciliation) Bill Committee: Clauses 18 to 25 etc. stand part","CD:2022-06-29:1328"
"http://data.parliament.uk/resources/1483348","2022-06-27","Northern Ireland Protocol Bill: Second Reading ","CD:2022-06-27:1325"
"http://data.parliament.uk/resources/1472398","2022-06-22","Abortion (Northern Ireland) Regulations 2022 (SI, 2022, No. 554)","CD:2022-06-22:1324"
"http://data.parliament.uk/resources/1471929","2022-06-21","Opposition Day: Adviser on Ministerial Interests","CD:2022-06-21:1323"
"http://data.parliament.uk/resources/1471554","2022-06-20","High Speed Rail (Crewe - Manchester) Bill: Second Reading","CD:2022-06-20:1322"
