"uri","constituency > label","election > label","electorate","majority","result of election","turnout"
"http://data.parliament.uk/resources/382387","Aberdeen North","2010 General Election","64808","8361","Lab Hold","37701"
"http://data.parliament.uk/resources/382389","Aberdeen South","2010 General Election","64031","3506","Lab Hold","43034"
"http://data.parliament.uk/resources/382391","Airdrie and Shotts","2010 General Election","62364","12408","Lab Hold","35849"
"http://data.parliament.uk/resources/382393","Angus","2010 General Election","62860","3282","SNP Hold","37960"
"http://data.parliament.uk/resources/382395","Argyll and Bute","2010 General Election","67165","3431","LD Hold","45207"
"http://data.parliament.uk/resources/382397","Ayr, Carrick and Cumnock","2010 General Election","73320","9911","Lab Hold","45893"
"http://data.parliament.uk/resources/382399","Banff and Buchan","2010 General Election","64300","4027","SNP Hold","38466"
"http://data.parliament.uk/resources/382401","Berwickshire, Roxburgh and Selkirk","2010 General Election","73826","5675","LD Hold","49014"
"http://data.parliament.uk/resources/382403","Caithness, Sutherland and Easter Ross","2010 General Election","47263","4826","LD Hold","28768"
"http://data.parliament.uk/resources/382405","Central Ayrshire","2010 General Election","68352","12007","Lab Hold","43915"
"http://data.parliament.uk/resources/382407","Coatbridge, Chryston and Bellshill","2010 General Election","70067","20714","Lab Hold","41635"
"http://data.parliament.uk/resources/382409","Cumbernauld, Kilsyth and Kirkintilloch East","2010 General Election","64037","13755","Lab Hold","41150"
"http://data.parliament.uk/resources/382411","Dumfries and Galloway","2010 General Election","74584","7449","Lab Hold","52173"
"http://data.parliament.uk/resources/382413","Dumfriesshire, Clydesdale and Tweeddale","2010 General Election","66627","4194","Con Hold","45892"
"http://data.parliament.uk/resources/382415","Dundee East","2010 General Election","65471","1821","SNP Hold","40568"
"http://data.parliament.uk/resources/382417","Dundee West","2010 General Election","63013","7278","Lab Hold","37126"
"http://data.parliament.uk/resources/382419","Dunfermline and West Fife","2010 General Election","73590","5470","Lab Hold","48947"
"http://data.parliament.uk/resources/382421","East Dunbartonshire","2010 General Election","63795","2184","LD Hold","47948"
"http://data.parliament.uk/resources/382423","East Kilbride, Strathaven and Lesmahagow","2010 General Election","76534","14503","Lab Hold","50946"
"http://data.parliament.uk/resources/382425","East Lothian","2010 General Election","73348","12258","Lab Hold","49161"
"http://data.parliament.uk/resources/382427","East Renfrewshire","2010 General Election","66249","10420","Lab Hold","51181"
"http://data.parliament.uk/resources/382429","Edinburgh East","2010 General Election","60945","9181","Lab Hold","39865"
"http://data.parliament.uk/resources/382431","Edinburgh North and Leith","2010 General Election","69207","1724","Lab Hold","47356"
"http://data.parliament.uk/resources/382433","Edinburgh South","2010 General Election","59362","316","Lab Hold","43801"
"http://data.parliament.uk/resources/382435","Edinburgh South West","2010 General Election","66361","8447","Lab Hold","45462"
"http://data.parliament.uk/resources/382437","Edinburgh West","2010 General Election","65159","3803","LD Hold","46447"
"http://data.parliament.uk/resources/382439","Falkirk","2010 General Election","81869","7843","Lab Hold","50777"
"http://data.parliament.uk/resources/382441","Glasgow Central","2010 General Election","60105","10551","Lab Hold","30580"
"http://data.parliament.uk/resources/382443","Glasgow East","2010 General Election","61865","11840","Lab Hold","32164"
"http://data.parliament.uk/resources/382445","Glasgow North","2010 General Election","51490","3898","Lab Hold","29613"
"http://data.parliament.uk/resources/382447","Glasgow North East","2010 General Election","59861","15942","Lab Gain","29409"
"http://data.parliament.uk/resources/382449","Glasgow North West","2010 General Election","60997","13611","Lab Hold","35582"
"http://data.parliament.uk/resources/382451","Glasgow South","2010 General Election","65069","12658","Lab Hold","40094"
"http://data.parliament.uk/resources/382453","Glasgow South West","2010 General Election","58191","14671","Lab Hold","31781"
"http://data.parliament.uk/resources/382455","Glenrothes","2010 General Election","67765","16448","Lab Hold","40501"
"http://data.parliament.uk/resources/382457","Gordon","2010 General Election","73420","6748","LD Hold","48775"
"http://data.parliament.uk/resources/382459","Inverclyde","2010 General Election","59209","14416","Lab Hold","37512"
"http://data.parliament.uk/resources/382462","Inverness, Nairn, Badenoch and Strathspey","2010 General Election","72528","8765","LD Hold","47086"
"http://data.parliament.uk/resources/382464","Kilmarnock and Loudoun","2010 General Election","74131","12378","Lab Hold","46553"
"http://data.parliament.uk/resources/382466","Kirkcaldy and Cowdenbeath","2010 General Election","73534","23009","Lab Hold","45802"
"http://data.parliament.uk/resources/382468","Lanark and Hamilton East","2010 General Election","74773","13478","Lab Hold","46554"
"http://data.parliament.uk/resources/382470","Linlithgow and East Falkirk","2010 General Election","80907","12553","Lab Hold","51450"
"http://data.parliament.uk/resources/382472","Livingston","2010 General Election","75924","10791","Lab Hold","47907"
"http://data.parliament.uk/resources/382474","Midlothian","2010 General Election","61387","10349","Lab Hold","39242"
"http://data.parliament.uk/resources/382476","Moray","2010 General Election","65925","5590","SNP Hold","41004"
"http://data.parliament.uk/resources/382478","Motherwell and Wishaw","2010 General Election","66918","16806","Lab Hold","39123"
"http://data.parliament.uk/resources/382480","Na h-Eileanan an Iar","2010 General Election","21780","1885","SNP Hold","14717"
"http://data.parliament.uk/resources/382482","North Ayrshire and Arran","2010 General Election","74223","9895","Lab Hold","46116"
"http://data.parliament.uk/resources/382484","North East Fife","2010 General Election","62771","9048","LD Hold","40064"
"http://data.parliament.uk/resources/382486","Ochil and South Perthshire","2010 General Election","75115","5187","Lab Hold","50469"
"http://data.parliament.uk/resources/382488","Orkney and Shetland","2010 General Election","33085","9928","LD Hold","19346"
"http://data.parliament.uk/resources/382490","Paisley and Renfrewshire North","2010 General Election","63704","15280","Lab Hold","43707"
"http://data.parliament.uk/resources/382492","Paisley and Renfrewshire South","2010 General Election","61197","16614","Lab Hold","39998"
"http://data.parliament.uk/resources/382494","Perth and North Perthshire","2010 General Election","72141","4379","SNP Hold","48268"
"http://data.parliament.uk/resources/382496","Ross, Skye and Lochaber","2010 General Election","51836","13070","LD Hold","34838"
"http://data.parliament.uk/resources/382498","Rutherglen and Hamilton West","2010 General Election","76408","21002","Lab Hold","46981"
"http://data.parliament.uk/resources/382500","Stirling","2010 General Election","66080","8304","Lab Hold","46841"
"http://data.parliament.uk/resources/382502","West Aberdeenshire and Kincardine","2010 General Election","66110","3684","LD Hold","45195"
"http://data.parliament.uk/resources/382504","West Dunbartonshire","2010 General Election","66086","17408","Lab Hold","42266"
"http://data.parliament.uk/resources/382506","Aberavon","2010 General Election","50838","11039","Lab Hold","30958"
"http://data.parliament.uk/resources/382508","Aberconwy","2010 General Election","44593","3398","Con Gain","29966"
"http://data.parliament.uk/resources/382510","Aldershot","2010 General Election","71465","5586","Con Hold","45384"
"http://data.parliament.uk/resources/382512","Aldridge-Brownhills","2010 General Election","58909","15266","Con Hold","38634"
"http://data.parliament.uk/resources/382514","Altrincham and Sale West","2010 General Election","72208","11595","Con Hold","49393"
"http://data.parliament.uk/resources/382516","Alyn and Deeside","2010 General Election","60931","2919","Lab Hold","39923"
"http://data.parliament.uk/resources/382518","Amber Valley","2010 General Election","70171","536","Con Gain","45958"
"http://data.parliament.uk/resources/382520","Arfon","2010 General Election","41198","1455","PC Gain","26078"
"http://data.parliament.uk/resources/382522","Arundel and South Downs","2010 General Election","76835","16691","Con Hold","55982"
"http://data.parliament.uk/resources/382524","Ashfield","2010 General Election","77379","192","Lab Hold","48196"
"http://data.parliament.uk/resources/382526","Ashford","2010 General Election","81271","17297","Con Hold","55185"
"http://data.parliament.uk/resources/382528","Ashton-under-Lyne","2010 General Election","67714","9094","Lab Hold","38432"
"http://data.parliament.uk/resources/382530","Aylesbury","2010 General Election","77844","12618","Con Hold","53162"
"http://data.parliament.uk/resources/382532","Banbury","2010 General Election","84379","18227","Con Hold","56241"
"http://data.parliament.uk/resources/382534","Barking","2010 General Election","73868","16555","Lab Hold","45343"
"http://data.parliament.uk/resources/382536","Barnsley Central","2010 General Election","65543","11093","Lab Hold","37001"
"http://data.parliament.uk/resources/382539","Barnsley East","2010 General Election","68435","11090","Lab Hold","38386"
"http://data.parliament.uk/resources/382541","Barrow and Furness","2010 General Election","68943","5208","Lab Hold","44124"
"http://data.parliament.uk/resources/382543","Basildon and Billericay","2010 General Election","65515","12338","Con Hold","41569"
"http://data.parliament.uk/resources/382545","Basingstoke","2010 General Election","75473","13176","Con Hold","50654"
"http://data.parliament.uk/resources/382547","Bassetlaw","2010 General Election","76513","8215","Lab Hold","49577"
"http://data.parliament.uk/resources/382549","Bath","2010 General Election","66686","11883","LD Hold","47086"
"http://data.parliament.uk/resources/382551","Batley and Spen","2010 General Election","76738","4406","Lab Hold","51109"
"http://data.parliament.uk/resources/382553","Battersea","2010 General Election","74311","5977","Con Gain","48792"
"http://data.parliament.uk/resources/382555","Beaconsfield","2010 General Election","74982","21782","Con Hold","52490"
"http://data.parliament.uk/resources/382557","Beckenham","2010 General Election","66219","17784","Con Hold","47686"
"http://data.parliament.uk/resources/382559","Bedford","2010 General Election","68530","1353","Con Gain","45102"
"http://data.parliament.uk/resources/382561","Belfast East","2010 General Election","59007","1533","Alliance Gain","34488"
"http://data.parliament.uk/resources/382563","Belfast North","2010 General Election","65504","2224","DUP Hold","36993"
"http://data.parliament.uk/resources/382565","Belfast South","2010 General Election","59524","5926","SDLP Hold","34186"
"http://data.parliament.uk/resources/382567","Belfast West","2010 General Election","59522","17579","SF Hold","32133"
"http://data.parliament.uk/resources/382570","Bermondsey and Old Southwark","2010 General Election","77628","8530","LD Hold","44651"
"http://data.parliament.uk/resources/382572","Berwick-upon-Tweed","2010 General Election","56578","2690","LD Hold","38439"
"http://data.parliament.uk/resources/382574","Bethnal Green and Bow","2010 General Election","81243","11574","Lab Gain","50728"
"http://data.parliament.uk/resources/382576","Beverley and Holderness","2010 General Election","79318","12987","Con Hold","53199"
"http://data.parliament.uk/resources/382578","Bexhill and Battle","2010 General Election","81032","12880","Con Hold","54587"
"http://data.parliament.uk/resources/382580","Bexleyheath and Crayford","2010 General Election","65015","10344","Con Hold","43182"
"http://data.parliament.uk/resources/382582","Birkenhead","2010 General Election","62773","15395","Lab Hold","35323"
"http://data.parliament.uk/resources/382584","Birmingham, Edgbaston","2010 General Election","68573","1274","Lab Hold","41571"
"http://data.parliament.uk/resources/382586","Birmingham, Erdington","2010 General Election","66405","3277","Lab Hold","35546"
"http://data.parliament.uk/resources/382588","Birmingham, Hall Green","2010 General Election","76580","3799","Lab Hold","48727"
"http://data.parliament.uk/resources/382590","Birmingham, Hodge Hill","2010 General Election","75040","10302","Lab Hold","42472"
"http://data.parliament.uk/resources/382592","Birmingham, Ladywood","2010 General Election","73646","10105","Lab Hold","35833"
"http://data.parliament.uk/resources/382594","Birmingham, Northfield","2010 General Election","71338","2782","Lab Hold","41814"
"http://data.parliament.uk/resources/382596","Birmingham, Perry Barr","2010 General Election","71304","11908","Lab Hold","42045"
"http://data.parliament.uk/resources/382598","Birmingham, Selly Oak","2010 General Election","74805","3482","Lab Hold","46563"
"http://data.parliament.uk/resources/382600","Birmingham, Yardley","2010 General Election","72321","3002","LD Hold","40850"
"http://data.parliament.uk/resources/382602","Bishop Auckland","2010 General Election","68368","5218","Lab Hold","41136"
"http://data.parliament.uk/resources/382604","Blackburn","2010 General Election","72331","9856","Lab Hold","45499"
"http://data.parliament.uk/resources/382606","Blackley and Broughton","2010 General Election","69489","12303","Lab Hold","34204"
"http://data.parliament.uk/resources/382608","Blackpool North and Cleveleys","2010 General Election","66017","2150","Con Gain","40591"
"http://data.parliament.uk/resources/382610","Blackpool South","2010 General Election","63027","1852","Lab Hold","35192"
"http://data.parliament.uk/resources/382612","Blaenau Gwent","2010 General Election","52442","10516","Lab Gain","32395"
"http://data.parliament.uk/resources/382614","Blaydon","2010 General Election","67808","9117","Lab Hold","44913"
"http://data.parliament.uk/resources/382616","Blyth Valley","2010 General Election","62900","6668","Lab Hold","38566"
"http://data.parliament.uk/resources/382618","Bognor Regis and Littlehampton","2010 General Election","70816","13063","Con Hold","46852"
"http://data.parliament.uk/resources/382620","Bolsover","2010 General Election","72766","11182","Lab Hold","43988"
"http://data.parliament.uk/resources/382622","Bolton North East","2010 General Election","66846","4084","Lab Hold","43277"
"http://data.parliament.uk/resources/382624","Bolton South East","2010 General Election","69499","8634","Lab Hold","39604"
"http://data.parliament.uk/resources/382626","Bolton West","2010 General Election","71284","92","Lab Hold","47576"
"http://data.parliament.uk/resources/382628","Bootle","2010 General Election","71422","21181","Lab Hold","41277"
"http://data.parliament.uk/resources/382630","Boston and Skegness","2010 General Election","67186","12426","Con Hold","43125"
"http://data.parliament.uk/resources/382632","Bosworth","2010 General Election","77296","5032","Con Hold","54274"
"http://data.parliament.uk/resources/382634","Bournemouth East","2010 General Election","71125","7728","Con Hold","44024"
"http://data.parliament.uk/resources/382636","Bournemouth West","2010 General Election","71753","5583","Con Hold","41659"
"http://data.parliament.uk/resources/382638","Bracknell","2010 General Election","76888","15704","Con Hold","52136"
"http://data.parliament.uk/resources/382640","Bradford East","2010 General Election","65116","365","LD Gain","40457"
"http://data.parliament.uk/resources/382642","Bradford South","2010 General Election","63580","4622","Lab Hold","37995"
"http://data.parliament.uk/resources/382644","Bradford West","2010 General Election","62519","5763","Lab Hold","40576"
"http://data.parliament.uk/resources/382647","Braintree","2010 General Election","71163","16121","Con Hold","49203"
"http://data.parliament.uk/resources/382649","Brecon and Radnorshire","2010 General Election","53589","3747","LD Hold","38845"
"http://data.parliament.uk/resources/382651","Brent Central","2010 General Election","74046","1345","LD Gain","45323"
"http://data.parliament.uk/resources/382653","Brent North","2010 General Election","83896","8028","Lab Hold","52298"
"http://data.parliament.uk/resources/382655","Brentford and Isleworth","2010 General Election","83546","1958","Con Gain","53765"
"http://data.parliament.uk/resources/382657","Brentwood and Ongar","2010 General Election","69309","16921","Con Hold","50592"
"http://data.parliament.uk/resources/382659","Bridgend","2010 General Election","58700","2263","Lab Hold","38347"
"http://data.parliament.uk/resources/382661","Bridgwater and West Somerset","2010 General Election","82180","9249","Con Hold","54493"
"http://data.parliament.uk/resources/382663","Brigg and Goole","2010 General Election","67345","5147","Con Gain","43874"
"http://data.parliament.uk/resources/382665","Brighton, Kemptown","2010 General Election","66015","1328","Con Gain","42705"
"http://data.parliament.uk/resources/382667","Brighton, Pavilion","2010 General Election","74009","1252","Green Gain","51834"
"http://data.parliament.uk/resources/382669","Bristol East","2010 General Election","69448","3722","Lab Hold","45017"
"http://data.parliament.uk/resources/382671","Bristol North West","2010 General Election","73469","3274","Con Gain","50336"
"http://data.parliament.uk/resources/382673","Bristol South","2010 General Election","78579","4734","Lab Hold","48377"
"http://data.parliament.uk/resources/382675","Bristol West","2010 General Election","82728","11366","LD Hold","55347"
"http://data.parliament.uk/resources/382677","Broadland","2010 General Election","72445","7292","Con Hold","52676"
"http://data.parliament.uk/resources/382679","Bromley and Chislehurst","2010 General Election","65427","13900","Con Hold","44037"
"http://data.parliament.uk/resources/382681","Bromsgrove","2010 General Election","73036","11308","Con Hold","51630"
"http://data.parliament.uk/resources/382683","Broxbourne","2010 General Election","71391","18804","Con Hold","45658"
"http://data.parliament.uk/resources/382685","Broxtowe","2010 General Election","72042","389","Con Gain","52727"
"http://data.parliament.uk/resources/382687","Buckingham","2010 General Election","74989","12529","SPK Gain","48335"
"http://data.parliament.uk/resources/382689","Burnley","2010 General Election","66615","1818","LD Gain","41845"
"http://data.parliament.uk/resources/382691","Burton","2010 General Election","74874","6304","Con Gain","49823"
"http://data.parliament.uk/resources/382693","Bury North","2010 General Election","66759","2243","Con Gain","44961"
"http://data.parliament.uk/resources/382695","Bury South","2010 General Election","73544","3292","Lab Hold","48267"
"http://data.parliament.uk/resources/382697","Bury St Edmunds","2010 General Election","84716","12380","Con Hold","58718"
"http://data.parliament.uk/resources/382699","Caerphilly","2010 General Election","62122","10755","Lab Hold","38692"
"http://data.parliament.uk/resources/382701","Calder Valley","2010 General Election","76903","6431","Con Gain","51780"
"http://data.parliament.uk/resources/382703","Camberwell and Peckham","2010 General Election","78627","17187","Lab Hold","46659"
"http://data.parliament.uk/resources/382705","Camborne and Redruth","2010 General Election","63975","66","Con Gain","42493"
"http://data.parliament.uk/resources/382707","Cambridge","2010 General Election","74699","6792","LD Hold","50130"
"http://data.parliament.uk/resources/382709","Cannock Chase","2010 General Election","74508","3195","Con Gain","45559"
"http://data.parliament.uk/resources/382711","Canterbury","2010 General Election","74121","6048","Con Hold","49209"
"http://data.parliament.uk/resources/382713","Cardiff Central","2010 General Election","61165","4576","LD Hold","36151"
"http://data.parliament.uk/resources/382715","Cardiff North","2010 General Election","65553","194","Con Gain","47630"
"http://data.parliament.uk/resources/382717","Cardiff South and Penarth","2010 General Election","73707","4709","Lab Hold","44369"
"http://data.parliament.uk/resources/382720","Cardiff West","2010 General Election","62787","4751","Lab Hold","40958"
"http://data.parliament.uk/resources/382722","Carlisle","2010 General Election","65263","853","Con Gain","42200"
"http://data.parliament.uk/resources/382724","Carmarthen East and Dinefwr","2010 General Election","52385","3481","PC Hold","38011"
"http://data.parliament.uk/resources/382726","Carmarthen West and South Pembrokeshire","2010 General Election","58108","3423","Con Gain","40507"
"http://data.parliament.uk/resources/382728","Carshalton and Wallington","2010 General Election","66524","5260","LD Hold","45918"
"http://data.parliament.uk/resources/382730","Castle Point","2010 General Election","67284","7632","Con Hold","45026"
"http://data.parliament.uk/resources/382732","Central Devon","2010 General Election","71203","9230","Con Hold","53873"
"http://data.parliament.uk/resources/382734","Central Suffolk and North Ipswich","2010 General Election","75786","13786","Con Hold","53420"
"http://data.parliament.uk/resources/382736","Ceredigion","2010 General Election","59882","8324","LD Hold","38258"
"http://data.parliament.uk/resources/382738","Charnwood","2010 General Election","74473","15029","Con Hold","53542"
"http://data.parliament.uk/resources/382740","Chatham and Aylesford","2010 General Election","67964","6069","Con Gain","43807"
"http://data.parliament.uk/resources/382742","Cheadle","2010 General Election","71635","3272","LD Hold","52512"
"http://data.parliament.uk/resources/382744","Chelmsford","2010 General Election","77525","5110","Con Hold","54593"
"http://data.parliament.uk/resources/382746","Chelsea and Fulham","2010 General Election","66257","16722","Con Hold","39856"
"http://data.parliament.uk/resources/382748","Cheltenham","2010 General Election","78998","4920","LD Hold","52786"
"http://data.parliament.uk/resources/382750","Chesham and Amersham","2010 General Election","70333","16710","Con Hold","52444"
"http://data.parliament.uk/resources/382752","Chesterfield","2010 General Election","71878","549","Lab Gain","45839"
"http://data.parliament.uk/resources/382754","Chichester","2010 General Election","81576","15877","Con Hold","56787"
"http://data.parliament.uk/resources/382756","Chingford and Woodford Green","2010 General Election","64831","12963","Con Hold","43106"
"http://data.parliament.uk/resources/382758","Chippenham","2010 General Election","72106","2470","LD Hold","52385"
"http://data.parliament.uk/resources/382760","Chipping Barnet","2010 General Election","75120","11927","Con Hold","50608"
"http://data.parliament.uk/resources/382762","Chorley","2010 General Election","70976","2593","Lab Hold","49774"
"http://data.parliament.uk/resources/382764","Christchurch","2010 General Election","68859","15410","Con Hold","49416"
"http://data.parliament.uk/resources/382766","Cities of London and Westminster","2010 General Election","66849","11076","Con Hold","36931"
"http://data.parliament.uk/resources/382768","City of Chester","2010 General Election","70131","2583","Con Gain","46790"
"http://data.parliament.uk/resources/382770","City of Durham","2010 General Election","68832","3067","Lab Hold","46252"
"http://data.parliament.uk/resources/382772","Clacton","2010 General Election","67194","12068","Con Hold","43123"
"http://data.parliament.uk/resources/382775","Cleethorpes","2010 General Election","70214","4298","Con Gain","44966"
"http://data.parliament.uk/resources/382777","Clwyd South","2010 General Election","53748","2834","Lab Hold","34681"
"http://data.parliament.uk/resources/382779","Clwyd West","2010 General Election","57913","6419","Con Hold","38111"
"http://data.parliament.uk/resources/382781","Colchester","2010 General Election","74064","6982","LD Hold","46139"
"http://data.parliament.uk/resources/382783","Colne Valley","2010 General Election","80060","4837","Con Gain","55296"
"http://data.parliament.uk/resources/382785","Congleton","2010 General Election","72280","7063","Con Hold","50780"
"http://data.parliament.uk/resources/382787","Copeland","2010 General Election","63149","3833","Lab Hold","42787"
"http://data.parliament.uk/resources/382789","Corby","2010 General Election","78024","1895","Con Gain","54236"
"http://data.parliament.uk/resources/382792","Coventry North East","2010 General Election","73035","11775","Lab Hold","43383"
"http://data.parliament.uk/resources/382794","Coventry North West","2010 General Election","72871","6288","Lab Hold","46560"
"http://data.parliament.uk/resources/382796","Coventry South","2010 General Election","73652","3845","Lab Hold","45924"
"http://data.parliament.uk/resources/382798","Crawley","2010 General Election","72781","5928","Con Gain","47504"
"http://data.parliament.uk/resources/382800","Crewe and Nantwich","2010 General Election","79728","6046","Con Gain","51084"
"http://data.parliament.uk/resources/382802","Croydon Central","2010 General Election","76349","2879","Con Gain","49667"
"http://data.parliament.uk/resources/382804","Croydon North","2010 General Election","85216","16481","Lab Hold","51676"
"http://data.parliament.uk/resources/382807","Croydon South","2010 General Election","81303","15818","Con Hold","56322"
"http://data.parliament.uk/resources/382809","Cynon Valley","2010 General Election","50650","9617","Lab Hold","29876"
"http://data.parliament.uk/resources/382811","Dagenham and Rainham","2010 General Election","69764","2630","Lab Hold","44232"
"http://data.parliament.uk/resources/382813","Darlington","2010 General Election","68168","3388","Lab Hold","42896"
"http://data.parliament.uk/resources/382815","Dartford","2010 General Election","76271","10628","Con Gain","50080"
"http://data.parliament.uk/resources/382817","Daventry","2010 General Election","71452","19188","Con Hold","51774"
"http://data.parliament.uk/resources/382819","Delyn","2010 General Election","53470","2272","Lab Hold","36984"
"http://data.parliament.uk/resources/382821","Denton and Reddish","2010 General Election","66330","9831","Lab Hold","37635"
"http://data.parliament.uk/resources/382823","Derby North","2010 General Election","71474","613","Lab Hold","45080"
"http://data.parliament.uk/resources/382825","Derby South","2010 General Election","70999","6122","Lab Hold","41188"
"http://data.parliament.uk/resources/382827","Derbyshire Dales","2010 General Election","63376","13866","Con Hold","46780"
"http://data.parliament.uk/resources/382829","Devizes","2010 General Election","67379","13005","Con Hold","46340"
"http://data.parliament.uk/resources/382831","Dewsbury","2010 General Election","78910","1526","Con Gain","54008"
"http://data.parliament.uk/resources/382833","Don Valley","2010 General Election","72597","3595","Lab Hold","43420"
"http://data.parliament.uk/resources/382835","Doncaster Central","2010 General Election","72985","6229","Lab Hold","41745"
"http://data.parliament.uk/resources/382837","Doncaster North","2010 General Election","71681","10909","Lab Hold","41483"
"http://data.parliament.uk/resources/382839","Dover","2010 General Election","71833","5274","Con Gain","50385"
"http://data.parliament.uk/resources/382841","Dudley North","2010 General Election","60838","649","Lab Hold","38602"
"http://data.parliament.uk/resources/382843","Dudley South","2010 General Election","60572","3856","Con Gain","38165"
"http://data.parliament.uk/resources/382845","Dulwich and West Norwood","2010 General Election","72817","9365","Lab Hold","48214"
"http://data.parliament.uk/resources/382847","Dwyfor Meirionnydd","2010 General Election","45354","6367","PC Hold","28906"
"http://data.parliament.uk/resources/382849","Ealing Central and Acton","2010 General Election","70251","3716","Con Gain","47200"
"http://data.parliament.uk/resources/382851","Ealing North","2010 General Election","73104","9301","Lab Hold","47678"
"http://data.parliament.uk/resources/382853","Ealing, Southall","2010 General Election","66970","9291","Lab Hold","42756"
"http://data.parliament.uk/resources/382855","Easington","2010 General Election","63879","14982","Lab Hold","34914"
"http://data.parliament.uk/resources/382857","East Antrim","2010 General Election","60204","6770","DU Hold","30502"
"http://data.parliament.uk/resources/382859","East Devon","2010 General Election","73109","9114","Con Hold","53092"
"http://data.parliament.uk/resources/382861","East Ham","2010 General Election","90674","27826","Lab Hold","50373"
"http://data.parliament.uk/resources/382863","East Hampshire","2010 General Election","72262","13497","Con Hold","51317"
"http://data.parliament.uk/resources/382865","East Londonderry","2010 General Election","63220","5355","DUP Hold","34950"
"http://data.parliament.uk/resources/382867","East Surrey","2010 General Election","76855","16874","Con Hold","54640"
"http://data.parliament.uk/resources/382869","East Worthing and Shoreham","2010 General Election","74001","11105","Con Hold","48397"
"http://data.parliament.uk/resources/382871","East Yorkshire","2010 General Election","80105","13486","Con Hold","51254"
"http://data.parliament.uk/resources/382873","Eastbourne","2010 General Election","77840","3435","LD Gain","52124"
"http://data.parliament.uk/resources/382875","Eastleigh","2010 General Election","77436","3864","LD Hold","53650"
"http://data.parliament.uk/resources/382878","Eddisbury","2010 General Election","72100","13255","Con Hold","45414"
"http://data.parliament.uk/resources/382880","Edmonton","2010 General Election","63904","9613","Lab Hold","40377"
"http://data.parliament.uk/resources/382882","Ellesmere Port and Neston","2010 General Election","66509","4331","Lab Hold","44233"
"http://data.parliament.uk/resources/382884","Elmet and Rothwell","2010 General Election","77724","4521","Con Gain","55789"
"http://data.parliament.uk/resources/382886","Eltham","2010 General Election","62590","1663","Lab Hold","41964"
"http://data.parliament.uk/resources/382888","Enfield North","2010 General Election","66261","1692","Con Hold","44453"
"http://data.parliament.uk/resources/382890","Enfield, Southgate","2010 General Election","64139","7626","Con Hold","44352"
"http://data.parliament.uk/resources/382892","Epping Forest","2010 General Election","72186","15131","Con Hold","46584"
"http://data.parliament.uk/resources/382894","Epsom and Ewell","2010 General Election","79908","16134","Con Hold","54955"
"http://data.parliament.uk/resources/382896","Erewash","2010 General Election","69655","2501","Con Gain","47642"
"http://data.parliament.uk/resources/382898","Erith and Thamesmead","2010 General Election","69900","5703","Lab Hold","42476"
"http://data.parliament.uk/resources/382900","Esher and Walton","2010 General Election","75338","18593","Con Hold","54543"
"http://data.parliament.uk/resources/382902","Exeter","2010 General Election","77158","2721","Lab Hold","52247"
"http://data.parliament.uk/resources/382904","Fareham","2010 General Election","75915","17092","Con Hold","54345"
"http://data.parliament.uk/resources/382906","Faversham and Mid Kent","2010 General Election","68858","17088","Con Hold","46712"
"http://data.parliament.uk/resources/382908","Feltham and Heston","2010 General Election","81058","4658","Lab Hold","48536"
"http://data.parliament.uk/resources/382911","Fermanagh and South Tyrone","2010 General Election","67908","4","SF Hold","46803"
"http://data.parliament.uk/resources/382913","Filton and Bradley Stoke","2010 General Election","69003","6914","Con Hold","48301"
"http://data.parliament.uk/resources/382915","Finchley and Golders Green","2010 General Election","70722","5809","Con Hold","47157"
"http://data.parliament.uk/resources/382917","Folkestone and Hythe","2010 General Election","78005","10122","Con Hold","52800"
"http://data.parliament.uk/resources/382919","Forest of Dean","2010 General Election","68419","11064","Con Hold","48763"
"http://data.parliament.uk/resources/382921","Foyle","2010 General Election","65843","4824","SDLP Hold","37889"
"http://data.parliament.uk/resources/382923","Fylde","2010 General Election","65926","13185","Con Hold","43690"
"http://data.parliament.uk/resources/382925","Gainsborough","2010 General Election","72939","10559","Con Hold","49251"
"http://data.parliament.uk/resources/382927","Garston and Halewood","2010 General Election","71312","16877","Lab Hold","42825"
"http://data.parliament.uk/resources/382929","Gateshead","2010 General Election","66492","12549","Lab Hold","38257"
"http://data.parliament.uk/resources/382931","Gedling","2010 General Election","70866","1859","Lab Hold","48190"
"http://data.parliament.uk/resources/382933","Gillingham and Rainham","2010 General Election","70814","8680","Con Gain","46786"
"http://data.parliament.uk/resources/382935","Gloucester","2010 General Election","79321","2420","Con Gain","50764"
"http://data.parliament.uk/resources/382937","Gosport","2010 General Election","72816","14413","Con Hold","46939"
"http://data.parliament.uk/resources/382939","Gower","2010 General Election","61696","2683","Lab Hold","41671"
"http://data.parliament.uk/resources/382941","Grantham and Stamford","2010 General Election","78008","14826","Con Hold","52799"
"http://data.parliament.uk/resources/382943","Gravesham","2010 General Election","70195","9312","Con Hold","47303"
"http://data.parliament.uk/resources/382945","Great Grimsby","2010 General Election","61229","714","Lab Hold","32954"
"http://data.parliament.uk/resources/382947","Great Yarmouth","2010 General Election","70315","4276","Con Gain","43057"
"http://data.parliament.uk/resources/382949","Greenwich and Woolwich","2010 General Election","65489","10153","Lab Hold","41188"
"http://data.parliament.uk/resources/382951","Guildford","2010 General Election","77082","7782","Con Hold","55567"
"http://data.parliament.uk/resources/382953","Hackney North and Stoke Newington","2010 General Election","73906","14461","Lab Hold","46461"
"http://data.parliament.uk/resources/382955","Hackney South and Shoreditch","2010 General Election","72841","14288","Lab Hold","42858"
"http://data.parliament.uk/resources/382957","Halesowen and Rowley Regis","2010 General Election","63693","2023","Con Gain","43979"
"http://data.parliament.uk/resources/382959","Halifax","2010 General Election","70380","1472","Lab Hold","43555"
"http://data.parliament.uk/resources/382961","Haltemprice and Howden","2010 General Election","70254","11602","Con Hold","48737"
"http://data.parliament.uk/resources/382963","Halton","2010 General Election","68846","15504","Lab Hold","41338"
"http://data.parliament.uk/resources/382965","Hammersmith","2010 General Election","72348","3549","Lab Hold","47452"
"http://data.parliament.uk/resources/382967","Hampstead and Kilburn","2010 General Election","80373","42","Lab Hold","52822"
"http://data.parliament.uk/resources/382969","Harborough","2010 General Election","77917","9797","Con Hold","54945"
"http://data.parliament.uk/resources/382971","Harlow","2010 General Election","67583","4925","Con Gain","43878"
"http://data.parliament.uk/resources/382973","Harrogate and Knaresborough","2010 General Election","74760","1039","Con Gain","53134"
"http://data.parliament.uk/resources/382975","Harrow East","2010 General Election","70510","3403","Con Gain","48006"
"http://data.parliament.uk/resources/382977","Harrow West","2010 General Election","68554","3143","Lab Hold","46116"
"http://data.parliament.uk/resources/382979","Hartlepool","2010 General Election","68927","5509","Lab Hold","38242"
"http://data.parliament.uk/resources/382981","Harwich and North Essex","2010 General Election","70743","11447","Con Hold","49000"
"http://data.parliament.uk/resources/382983","Hastings and Rye","2010 General Election","77030","1993","Con Gain","49814"
"http://data.parliament.uk/resources/382985","Havant","2010 General Election","69662","12160","Con Hold","43903"
"http://data.parliament.uk/resources/382987","Hayes and Harlington","2010 General Election","70231","10824","Lab Hold","42637"
"http://data.parliament.uk/resources/382989","Hazel Grove","2010 General Election","62300","6371","LD Hold","41981"
"http://data.parliament.uk/resources/382991","Hemel Hempstead","2010 General Election","72752","13406","Con Hold","49471"
"http://data.parliament.uk/resources/382993","Hemsworth","2010 General Election","75542","9844","Lab Hold","43840"
"http://data.parliament.uk/resources/382995","Hendon","2010 General Election","72943","106","Con Gain","46374"
"http://data.parliament.uk/resources/382997","Henley","2010 General Election","73123","16588","Con Hold","53520"
"http://data.parliament.uk/resources/382999","Hereford and South Herefordshire","2010 General Election","72021","2481","Con Gain","48381"
"http://data.parliament.uk/resources/383001","Hertford and Stortford","2010 General Election","78459","15437","Con Hold","55377"
"http://data.parliament.uk/resources/383003","Hertsmere","2010 General Election","73057","17605","Con Hold","47270"
"http://data.parliament.uk/resources/383005","Hexham","2010 General Election","60360","5788","Con Hold","43483"
"http://data.parliament.uk/resources/383007","Heywood and Middleton","2010 General Election","80171","5971","Lab Hold","46125"
"http://data.parliament.uk/resources/383010","High Peak","2010 General Election","71458","4677","Con Gain","50337"
"http://data.parliament.uk/resources/383012","Hitchin and Harpenden","2010 General Election","73851","15271","Con Hold","54707"
"http://data.parliament.uk/resources/383014","Holborn and St Pancras","2010 General Election","86563","9942","Lab Hold","54649"
"http://data.parliament.uk/resources/383016","Hornchurch and Upminster","2010 General Election","78547","16371","Con Hold","53390"
"http://data.parliament.uk/resources/383018","Hornsey and Wood Green","2010 General Election","78748","6875","LD Hold","55042"
"http://data.parliament.uk/resources/383020","Horsham","2010 General Election","77564","11460","Con Hold","55841"
"http://data.parliament.uk/resources/383022","Houghton and Sunderland South","2010 General Election","68729","10990","Lab Hold","38021"
"http://data.parliament.uk/resources/383024","Hove","2010 General Election","71720","1868","Con Gain","49819"
"http://data.parliament.uk/resources/383026","Huddersfield","2010 General Election","66318","4472","Lab Hold","40524"
"http://data.parliament.uk/resources/383028","Huntingdon","2010 General Election","83557","10819","Con Hold","54266"
"http://data.parliament.uk/resources/383030","Hyndburn","2010 General Election","67221","3090","Lab Hold","42672"
"http://data.parliament.uk/resources/383032","Ilford North","2010 General Election","72372","5404","Con Hold","47018"
"http://data.parliament.uk/resources/383034","Ilford South","2010 General Election","86220","11287","Lab Hold","51191"
"http://data.parliament.uk/resources/383036","Ipswich","2010 General Election","75770","2079","Con Gain","46941"
"http://data.parliament.uk/resources/383038","Isle of Wight","2010 General Election","109922","10527","Con Hold","70264"
"http://data.parliament.uk/resources/383040","Islington North","2010 General Election","68119","12401","Lab Hold","44554"
"http://data.parliament.uk/resources/383042","Islington South and Finsbury","2010 General Election","67650","3569","Lab Hold","43555"
"http://data.parliament.uk/resources/383044","Islwyn","2010 General Election","54866","12215","Lab Hold","34684"
"http://data.parliament.uk/resources/383046","Jarrow","2010 General Election","64350","12908","Lab Hold","38784"
"http://data.parliament.uk/resources/383048","Keighley","2010 General Election","65893","2940","Con Gain","47692"
"http://data.parliament.uk/resources/383050","Kenilworth and Southam","2010 General Election","64362","12552","Con Hold","48431"
"http://data.parliament.uk/resources/383052","Kensington","2010 General Election","65975","8616","Con Hold","35150"
"http://data.parliament.uk/resources/383054","Kettering","2010 General Election","68824","9094","Con Hold","47328"
"http://data.parliament.uk/resources/383056","Kingston and Surbiton","2010 General Election","81115","7560","LD Hold","57111"
"http://data.parliament.uk/resources/383058","Kingston upon Hull East","2010 General Election","67530","8597","Lab Hold","34184"
"http://data.parliament.uk/resources/383060","Kingston upon Hull North","2010 General Election","64082","641","Lab Hold","33291"
"http://data.parliament.uk/resources/383062","Kingston upon Hull West and Hessle","2010 General Election","57264","5742","Lab Hold","31505"
"http://data.parliament.uk/resources/383064","Kingswood","2010 General Election","66361","2445","Con Gain","47906"
"http://data.parliament.uk/resources/383066","Knowsley","2010 General Election","79564","25686","Lab Hold","44658"
"http://data.parliament.uk/resources/383068","Lagan Valley","2010 General Election","65257","10486","DUP Hold","36540"
"http://data.parliament.uk/resources/383070","Lancaster and Fleetwood","2010 General Election","67379","333","Con Gain","42701"
"http://data.parliament.uk/resources/383072","Leeds Central","2010 General Election","81266","10645","Lab Hold","37394"
"http://data.parliament.uk/resources/383074","Leeds East","2010 General Election","64698","10293","Lab Hold","37813"
"http://data.parliament.uk/resources/383076","Leeds North East","2010 General Election","67899","4545","Lab Hold","47535"
"http://data.parliament.uk/resources/383078","Leeds North West","2010 General Election","65399","9103","LD Hold","43483"
"http://data.parliament.uk/resources/383080","Leeds West","2010 General Election","67453","7016","Lab Hold","38752"
"http://data.parliament.uk/resources/383082","Leicester East","2010 General Election","72986","14082","Lab Hold","47995"
"http://data.parliament.uk/resources/383084","Leicester South","2010 General Election","77175","8808","Lab Hold","47124"
"http://data.parliament.uk/resources/383087","Leicester West","2010 General Election","64900","4017","Lab Hold","35819"
"http://data.parliament.uk/resources/383089","Leigh","2010 General Election","75903","12011","Lab Hold","44332"
"http://data.parliament.uk/resources/383091","Lewes","2010 General Election","68708","7647","LD Hold","50088"
"http://data.parliament.uk/resources/383093","Lewisham East","2010 General Election","65926","6216","Lab Hold","41719"
"http://data.parliament.uk/resources/383095","Lewisham West and Penge","2010 General Election","69022","5828","Lab Hold","45028"
"http://data.parliament.uk/resources/383097","Lewisham, Deptford","2010 General Election","67058","12499","Lab Hold","41220"
"http://data.parliament.uk/resources/383099","Leyton and Wanstead","2010 General Election","63541","6416","Lab Hold","40159"
"http://data.parliament.uk/resources/383101","Lichfield","2010 General Election","72586","17683","Con Hold","51563"
"http://data.parliament.uk/resources/383103","Lincoln","2010 General Election","73540","1058","Con Gain","45721"
"http://data.parliament.uk/resources/383105","Liverpool, Riverside","2010 General Election","74539","14173","Lab Hold","38801"
"http://data.parliament.uk/resources/383107","Liverpool, Walton","2010 General Election","62612","19818","Lab Hold","34335"
"http://data.parliament.uk/resources/383109","Liverpool, Wavertree","2010 General Election","62518","7167","Lab Hold","37914"
"http://data.parliament.uk/resources/383111","Liverpool, West Derby","2010 General Election","63082","18467","Lab Hold","35784"
"http://data.parliament.uk/resources/383113","Llanelli","2010 General Election","55637","4701","Lab Hold","37461"
"http://data.parliament.uk/resources/383115","Loughborough","2010 General Election","77505","3744","Con Gain","52838"
"http://data.parliament.uk/resources/383117","Louth and Horncastle","2010 General Election","77650","13871","Con Hold","50494"
"http://data.parliament.uk/resources/383119","Ludlow","2010 General Election","66632","9749","Con Hold","48732"
"http://data.parliament.uk/resources/383121","Luton North","2010 General Election","65645","7520","Lab Hold","43018"
"http://data.parliament.uk/resources/383123","Luton South","2010 General Election","65219","2329","Lab Hold","42216"
"http://data.parliament.uk/resources/383125","Macclesfield","2010 General Election","75370","11959","Con Hold","50059"
"http://data.parliament.uk/resources/383127","Maidenhead","2010 General Election","72844","16769","Con Hold","53720"
"http://data.parliament.uk/resources/383129","Maidstone and The Weald","2010 General Election","71041","5889","Con Hold","48928"
"http://data.parliament.uk/resources/383131","Makerfield","2010 General Election","73813","12490","Lab Hold","43771"
"http://data.parliament.uk/resources/383133","Maldon","2010 General Election","68777","19407","Con Hold","47895"
"http://data.parliament.uk/resources/383135","Manchester Central","2010 General Election","90110","10439","Lab Hold","39927"
"http://data.parliament.uk/resources/383138","Manchester, Gorton","2010 General Election","75933","6703","Lab Hold","38325"
"http://data.parliament.uk/resources/383140","Manchester, Withington","2010 General Election","74371","1894","LD Hold","45031"
"http://data.parliament.uk/resources/383142","Mansfield","2010 General Election","80069","6012","Lab Hold","48395"
"http://data.parliament.uk/resources/383144","Meon Valley","2010 General Election","70488","12125","Con Hold","51238"
"http://data.parliament.uk/resources/383146","Meriden","2010 General Election","82228","16253","Con Hold","52162"
"http://data.parliament.uk/resources/383148","Merthyr Tydfil and Rhymney","2010 General Election","54715","4056","Lab Hold","32076"
"http://data.parliament.uk/resources/383150","Mid Bedfordshire","2010 General Election","76310","15152","Con Hold","54897"
"http://data.parliament.uk/resources/383152","Mid Derbyshire","2010 General Election","66074","11292","Con Hold","47342"
"http://data.parliament.uk/resources/383154","Mid Dorset and North Poole","2010 General Election","64660","269","LD Hold","46788"
"http://data.parliament.uk/resources/383156","Mid Norfolk","2010 General Election","74260","13856","Con Hold","50765"
"http://data.parliament.uk/resources/383158","Mid Sussex","2010 General Election","77199","7402","Con Hold","55855"
"http://data.parliament.uk/resources/383160","Mid Ulster","2010 General Election","64594","15363","SF Hold","40842"
"http://data.parliament.uk/resources/383163","Mid Worcestershire","2010 General Election","72145","15864","Con Hold","50931"
"http://data.parliament.uk/resources/383165","Middlesbrough","2010 General Election","65148","8689","Lab Hold","33455"
"http://data.parliament.uk/resources/383168","Middlesbrough South and East Cleveland","2010 General Election","72666","1677","Lab Hold","46214"
"http://data.parliament.uk/resources/383170","Milton Keynes North","2010 General Election","82432","8961","Con Gain","53888"
"http://data.parliament.uk/resources/383172","Milton Keynes South","2010 General Election","86559","5201","Con Gain","55333"
"http://data.parliament.uk/resources/383174","Mitcham and Morden","2010 General Election","65939","13666","Lab Hold","43797"
"http://data.parliament.uk/resources/383176","Mole Valley","2010 General Election","72297","15653","Con Hold","54324"
"http://data.parliament.uk/resources/383178","Monmouth","2010 General Election","64538","10425","Con Hold","46519"
"http://data.parliament.uk/resources/383180","Montgomeryshire","2010 General Election","48730","1184","Con Gain","33813"
"http://data.parliament.uk/resources/383182","Morecambe and Lunesdale","2010 General Election","69576","866","Con Gain","43436"
"http://data.parliament.uk/resources/383184","Morley and Outwood","2010 General Election","74891","1101","Lab Hold","48856"
"http://data.parliament.uk/resources/383186","Neath","2010 General Election","57295","9775","Lab Hold","37122"
"http://data.parliament.uk/resources/383188","New Forest East","2010 General Election","72858","11307","Con Hold","50036"
"http://data.parliament.uk/resources/383190","New Forest West","2010 General Election","68332","16896","Con Hold","47572"
"http://data.parliament.uk/resources/383192","Newark","2010 General Election","71755","16152","Con Hold","51228"
"http://data.parliament.uk/resources/383195","Newbury","2010 General Election","79144","12248","Con Hold","58589"
"http://data.parliament.uk/resources/383197","Newcastle upon Tyne Central","2010 General Election","60507","7466","Lab Hold","34157"
"http://data.parliament.uk/resources/383199","Newcastle upon Tyne East","2010 General Election","64487","4453","Lab Hold","37840"
"http://data.parliament.uk/resources/383201","Newcastle upon Tyne North","2010 General Election","67110","3414","Lab Hold","43946"
"http://data.parliament.uk/resources/383203","Newcastle-under-Lyme","2010 General Election","69433","1552","Lab Hold","43191"
"http://data.parliament.uk/resources/383205","Newport East","2010 General Election","54437","1650","Lab Hold","34448"
"http://data.parliament.uk/resources/383207","Newport West","2010 General Election","62111","3544","Lab Hold","39720"
"http://data.parliament.uk/resources/383209","Newry and Armagh","2010 General Election","74308","8331","SF Hold","44906"
"http://data.parliament.uk/resources/383211","Newton Abbot","2010 General Election","69319","523","Con Gain","48283"
"http://data.parliament.uk/resources/383213","Normanton, Pontefract and Castleford","2010 General Election","82336","10979","Lab Hold","46239"
"http://data.parliament.uk/resources/383215","North Antrim","2010 General Election","73338","12558","DUP Hold","42397"
"http://data.parliament.uk/resources/383217","North Cornwall","2010 General Election","67940","2981","LD Hold","46844"
"http://data.parliament.uk/resources/383219","North Devon","2010 General Election","74508","5821","LD Hold","51321"
"http://data.parliament.uk/resources/383221","North Dorset","2010 General Election","73741","7625","Con Hold","54141"
"http://data.parliament.uk/resources/383223","North Down","2010 General Election","60698","14364","Ind Gain","33481"
"http://data.parliament.uk/resources/383225","North Durham","2010 General Election","67544","12076","Lab Hold","40967"
"http://data.parliament.uk/resources/383227","North East Bedfordshire","2010 General Election","78060","18942","Con Hold","55552"
"http://data.parliament.uk/resources/383229","North East Cambridgeshire","2010 General Election","73224","16425","Con Hold","52064"
"http://data.parliament.uk/resources/383231","North East Derbyshire","2010 General Election","71398","2445","Lab Hold","47034"
"http://data.parliament.uk/resources/383233","North East Hampshire","2010 General Election","72196","18597","Con Hold","52939"
"http://data.parliament.uk/resources/383235","North East Hertfordshire","2010 General Election","72200","15194","Con Hold","50425"
"http://data.parliament.uk/resources/383237","North East Somerset","2010 General Election","67881","4914","Con Hold","51203"
"http://data.parliament.uk/resources/383239","North Herefordshire","2010 General Election","66946","9887","Con Hold","47568"
"http://data.parliament.uk/resources/383241","North Norfolk","2010 General Election","67851","11626","LD Hold","49661"
"http://data.parliament.uk/resources/383243","North Shropshire","2010 General Election","78930","15828","Con Hold","51869"
"http://data.parliament.uk/resources/383245","North Somerset","2010 General Election","77306","7862","Con Hold","57941"
"http://data.parliament.uk/resources/383247","North Swindon","2010 General Election","78384","7060","Con Gain","50295"
"http://data.parliament.uk/resources/383249","North Thanet","2010 General Election","68602","13528","Con Hold","43343"
"http://data.parliament.uk/resources/383251","North Tyneside","2010 General Election","77690","12884","Lab Hold","46405"
"http://data.parliament.uk/resources/383253","North Warwickshire","2010 General Election","70138","54","Con Gain","47265"
"http://data.parliament.uk/resources/383255","North West Cambridgeshire","2010 General Election","88851","16677","Con Hold","58283"
"http://data.parliament.uk/resources/383257","North West Durham","2010 General Election","70350","7612","Lab Hold","43815"
"http://data.parliament.uk/resources/383259","North West Hampshire","2010 General Election","76695","18583","Con Hold","53292"
"http://data.parliament.uk/resources/383261","North West Leicestershire","2010 General Election","71217","7511","Con Gain","51952"
"http://data.parliament.uk/resources/383263","North West Norfolk","2010 General Election","73105","14810","Con Hold","47800"
"http://data.parliament.uk/resources/383265","North Wiltshire","2010 General Election","66315","7483","Con Hold","48699"
"http://data.parliament.uk/resources/383267","Northampton North","2010 General Election","61850","1936","Con Gain","40271"
"http://data.parliament.uk/resources/383269","Northampton South","2010 General Election","63105","6004","Con Gain","38978"
"http://data.parliament.uk/resources/383271","Norwich North","2010 General Election","64814","3901","Con Gain","42573"
"http://data.parliament.uk/resources/383273","Norwich South","2010 General Election","73649","310","LD Gain","47551"
"http://data.parliament.uk/resources/383275","Nottingham East","2010 General Election","58705","6969","Lab Hold","33112"
"http://data.parliament.uk/resources/383277","Nottingham North","2010 General Election","63240","8138","Lab Hold","34285"
"http://data.parliament.uk/resources/383279","Nottingham South","2010 General Election","67441","1772","Lab Hold","40789"
"http://data.parliament.uk/resources/383281","Nuneaton","2010 General Election","67837","2069","Con Gain","44646"
"http://data.parliament.uk/resources/383283","Ogmore","2010 General Election","55527","13246","Lab Hold","34650"
"http://data.parliament.uk/resources/383285","Old Bexley and Sidcup","2010 General Election","65699","15857","Con Hold","45492"
"http://data.parliament.uk/resources/383287","Oldham East and Saddleworth","2010 General Election","72557","103","Lab Hold","44520"
"http://data.parliament.uk/resources/383290","Oldham West and Royton","2010 General Election","72359","9352","Lab Hold","42910"
"http://data.parliament.uk/resources/383292","Orpington","2010 General Election","67732","17200","Con Hold","48911"
"http://data.parliament.uk/resources/383294","Oxford East","2010 General Election","81903","4581","Lab Hold","51651"
"http://data.parliament.uk/resources/383296","Oxford West and Abingdon","2010 General Election","86458","176","Con Gain","56480"
"http://data.parliament.uk/resources/383298","Pendle","2010 General Election","66422","3585","Con Gain","45045"
"http://data.parliament.uk/resources/383300","Penistone and Stocksbridge","2010 General Election","68480","3049","Lab Hold","46516"
"http://data.parliament.uk/resources/383302","Penrith and The Border","2010 General Election","64484","11241","Con Hold","45087"
"http://data.parliament.uk/resources/383304","Peterborough","2010 General Election","70278","4861","Con Hold","44927"
"http://data.parliament.uk/resources/383306","Plymouth, Moor View","2010 General Election","68062","1588","Lab Hold","41526"
"http://data.parliament.uk/resources/383308","Plymouth, Sutton and Devonport","2010 General Election","72938","1149","Con Gain","43894"
"http://data.parliament.uk/resources/383310","Pontypridd","2010 General Election","58205","2785","Lab Hold","36671"
"http://data.parliament.uk/resources/383312","Poole","2010 General Election","72641","7541","Con Hold","47436"
"http://data.parliament.uk/resources/383314","Poplar and Limehouse","2010 General Election","74955","6030","Lab Hold","46700"
"http://data.parliament.uk/resources/383316","Portsmouth North","2010 General Election","70329","7289","Con Gain","44118"
"http://data.parliament.uk/resources/383318","Portsmouth South","2010 General Election","70242","5200","LD Hold","41264"
"http://data.parliament.uk/resources/383320","Preseli Pembrokeshire","2010 General Election","57400","4605","Con Hold","39602"
"http://data.parliament.uk/resources/383322","Preston","2010 General Election","61187","7733","Lab Hold","32505"
"http://data.parliament.uk/resources/383324","Pudsey","2010 General Election","69257","1659","Con Gain","49083"
"http://data.parliament.uk/resources/383326","Putney","2010 General Election","63371","10053","Con Hold","40785"
"http://data.parliament.uk/resources/383328","Rayleigh and Wickford","2010 General Election","75661","22338","Con Hold","52343"
"http://data.parliament.uk/resources/383330","Reading East","2010 General Election","74929","7605","Con Hold","49985"
"http://data.parliament.uk/resources/383332","Reading West","2010 General Election","72120","6004","Con Gain","47530"
"http://data.parliament.uk/resources/383334","Redcar","2010 General Election","67127","5214","LD Gain","41963"
"http://data.parliament.uk/resources/383336","Redditch","2010 General Election","66573","5821","Con Gain","44018"
"http://data.parliament.uk/resources/383338","Reigate","2010 General Election","71604","13591","Con Hold","49978"
"http://data.parliament.uk/resources/383340","Rhondda","2010 General Election","51554","11553","Lab Hold","31072"
"http://data.parliament.uk/resources/383342","Ribble Valley","2010 General Election","77789","14769","Con Hold","52287"
"http://data.parliament.uk/resources/383344","Richmond (Yorks)","2010 General Election","80563","23336","Con Hold","53412"
"http://data.parliament.uk/resources/383346","Richmond Park","2010 General Election","77751","4091","Con Gain","59268"
"http://data.parliament.uk/resources/383348","Rochdale","2010 General Election","78952","889","Lab Hold","45907"
"http://data.parliament.uk/resources/383350","Rochester and Strood","2010 General Election","73758","9953","Con Hold","47971"
"http://data.parliament.uk/resources/383353","Rochford and Southend East","2010 General Election","71467","11050","Con Hold","41631"
"http://data.parliament.uk/resources/383355","Romford","2010 General Election","71306","16954","Con Hold","46481"
"http://data.parliament.uk/resources/383357","Romsey and Southampton North","2010 General Election","68157","4156","Con Gain","48939"
"http://data.parliament.uk/resources/383359","Rossendale and Darwen","2010 General Election","73229","4493","Con Gain","47128"
"http://data.parliament.uk/resources/383361","Rother Valley","2010 General Election","72847","5866","Lab Hold","46758"
"http://data.parliament.uk/resources/383363","Rotherham","2010 General Election","63563","10462","Lab Hold","37506"
"http://data.parliament.uk/resources/383366","Rugby","2010 General Election","68914","6000","Con Gain","47468"
"http://data.parliament.uk/resources/383368","Ruislip, Northwood and Pinner","2010 General Election","70873","19060","Con Hold","50205"
"http://data.parliament.uk/resources/383370","Runnymede and Weybridge","2010 General Election","72566","16509","Con Hold","48150"
"http://data.parliament.uk/resources/383372","Rushcliffe","2010 General Election","72955","15811","Con Hold","53687"
"http://data.parliament.uk/resources/383374","Rutland and Melton","2010 General Election","77185","14000","Con Hold","55220"
"http://data.parliament.uk/resources/383376","Saffron Walden","2010 General Election","76035","15242","Con Hold","54369"
"http://data.parliament.uk/resources/383378","Salford and Eccles","2010 General Election","75483","5725","Lab Hold","41533"
"http://data.parliament.uk/resources/383380","Salisbury","2010 General Election","67430","5966","Con Hold","48481"
"http://data.parliament.uk/resources/383382","Scarborough and Whitby","2010 General Election","75470","8130","Con Hold","49282"
"http://data.parliament.uk/resources/383384","Scunthorpe","2010 General Election","63089","2549","Lab Hold","37034"
"http://data.parliament.uk/resources/383386","Sedgefield","2010 General Election","64728","8696","Lab Hold","40222"
"http://data.parliament.uk/resources/383388","Sefton Central","2010 General Election","67511","3862","Lab Hold","48463"
"http://data.parliament.uk/resources/383390","Selby and Ainsty","2010 General Election","72804","12265","Con Hold","51728"
"http://data.parliament.uk/resources/383392","Sevenoaks","2010 General Election","69591","17515","Con Hold","49408"
"http://data.parliament.uk/resources/383394","Sheffield Central","2010 General Election","67554","165","Lab Hold","41468"
"http://data.parliament.uk/resources/383396","Sheffield South East","2010 General Election","67068","10505","Lab Hold","41408"
"http://data.parliament.uk/resources/383398","Sheffield, Brightside and Hillsborough","2010 General Election","67740","13632","Lab Hold","38914"
"http://data.parliament.uk/resources/383400","Sheffield, Hallam","2010 General Election","68798","15284","LD Hold","51135"
"http://data.parliament.uk/resources/383402","Sheffield, Heeley","2010 General Election","65571","5807","Lab Hold","40871"
"http://data.parliament.uk/resources/383404","Sherwood","2010 General Election","71443","214","Con Gain","48954"
